cage_id,Region,Report_type,Date,totprey_density,totcladocera_density,totpulex_density,totprey_density_interp,totcladocera_density_interp,totpulex_density_interp,totprey_density_fill,totcladocera_density_fill,totpulex_density_fill,mean_temperature,min_temperature,max_temperature
BCGR,Butte Sink,Canal channel,2/3/20,3439.424966,2185.990212,310.8518191,3439.424966,2185.990212,310.8518191,3439.424966,2185.990212,310.8518191,NA,NA,NA
BCGR,Butte Sink,Canal channel,2/4/20,NA,NA,NA,3961.074336,2703.287377,372.0612163,3439.424966,2185.990212,310.8518191,NA,NA,NA
BCGR,Butte Sink,Canal channel,2/5/20,NA,NA,NA,4482.723705,3220.584543,433.2706135,3439.424966,2185.990212,310.8518191,NA,NA,NA
BCGR,Butte Sink,Canal channel,2/6/20,NA,NA,NA,5004.373075,3737.881708,494.4800106,3439.424966,2185.990212,310.8518191,NA,NA,NA
BCGR,Butte Sink,Canal channel,2/7/20,NA,NA,NA,5526.022444,4255.178874,555.6894078,3439.424966,2185.990212,310.8518191,NA,NA,NA
BCGR,Butte Sink,Canal channel,2/8/20,NA,NA,NA,6047.671814,4772.476039,616.898805,3439.424966,2185.990212,310.8518191,NA,NA,NA
BCGR,Butte Sink,Canal channel,2/9/20,NA,NA,NA,6569.321183,5289.773205,678.1082022,3439.424966,2185.990212,310.8518191,NA,NA,NA
BCGR,Butte Sink,Canal channel,2/10/20,NA,NA,NA,7090.970553,5807.07037,739.3175993,3439.424966,2185.990212,310.8518191,NA,NA,NA
BCGR,Butte Sink,Canal channel,2/11/20,NA,NA,NA,7612.619922,6324.367536,800.5269965,3439.424966,2185.990212,310.8518191,NA,NA,NA
BCGR,Butte Sink,Canal channel,2/12/20,8134.269292,6841.664701,861.7363937,8134.269292,6841.664701,861.7363937,8134.269292,6841.664701,861.7363937,NA,NA,NA
BCGR,Butte Sink,Canal channel,2/13/20,NA,NA,NA,8108.651888,6884.683051,818.9541496,8134.269292,6841.664701,861.7363937,11.6175,11.18,11.96
BCGR,Butte Sink,Canal channel,2/14/20,NA,NA,NA,8083.034485,6927.7014,776.1719055,8134.269292,6841.664701,861.7363937,11.73270833,11.26,11.98
BCGR,Butte Sink,Canal channel,2/15/20,NA,NA,NA,8057.417082,6970.719749,733.3896614,8134.269292,6841.664701,861.7363937,11.86958333,11.42,12.3
BCGR,Butte Sink,Canal channel,2/16/20,NA,NA,NA,8031.799678,7013.738098,690.6074173,8134.269292,6841.664701,861.7363937,12.45041667,11.78,13.12
BCGR,Butte Sink,Canal channel,2/17/20,NA,NA,NA,8006.182275,7056.756447,647.8251732,8134.269292,6841.664701,861.7363937,12.57604167,12.16,12.88
BCGR,Butte Sink,Canal channel,2/18/20,NA,NA,NA,7980.564872,7099.774797,605.042929,8134.269292,6841.664701,861.7363937,11.67125,11.38,12.14
BCGR,Butte Sink,Canal channel,2/19/20,7954.947468,7142.793146,562.2606849,7954.947468,7142.793146,562.2606849,7954.947468,7142.793146,562.2606849,11.41125,10.94,11.86
BCGR,Butte Sink,Canal channel,2/20/20,NA,NA,NA,7412.523594,6570.408957,499.5562908,7954.947468,7142.793146,562.2606849,11.52104167,11,12.02
BCGR,Butte Sink,Canal channel,2/21/20,NA,NA,NA,6870.09972,5998.024768,436.8518966,7954.947468,7142.793146,562.2606849,11.68229167,11.04,12.44
BCGR,Butte Sink,Canal channel,2/22/20,NA,NA,NA,6327.675846,5425.640579,374.1475024,7954.947468,7142.793146,562.2606849,11.949375,11.22,12.64
BCGR,Butte Sink,Canal channel,2/23/20,NA,NA,NA,5785.251972,4853.25639,311.4431082,7954.947468,7142.793146,562.2606849,12.550625,11.82,13.36
BCGR,Butte Sink,Canal channel,2/24/20,NA,NA,NA,5242.828098,4280.872201,248.738714,7954.947468,7142.793146,562.2606849,12.596875,11.8,13.26
BCGR,Butte Sink,Canal channel,2/25/20,NA,NA,NA,4700.404224,3708.488012,186.0343198,7954.947468,7142.793146,562.2606849,12.61604167,11.7,13.42
BCGR,Butte Sink,Canal channel,2/26/20,4157.98035,3136.103823,123.3299256,4157.98035,3136.103823,123.3299256,4157.98035,3136.103823,123.3299256,12.963125,12.12,13.76
BCGR,Butte Sink,Canal channel,2/27/20,NA,NA,NA,4116.358329,3107.805447,149.611468,4157.98035,3136.103823,123.3299256,13.42375,12.5,14.32
BCGR,Butte Sink,Canal channel,2/28/20,NA,NA,NA,4074.736308,3079.50707,175.8930104,4157.98035,3136.103823,123.3299256,13.73583333,12.98,14.3
BCGR,Butte Sink,Canal channel,2/29/20,NA,NA,NA,4033.114287,3051.208694,202.1745527,4157.98035,3136.103823,123.3299256,13.89104167,13.12,14.42
BCGR,Butte Sink,Canal channel,3/1/20,NA,NA,NA,3991.492265,3022.910318,228.4560951,4157.98035,3136.103823,123.3299256,13.21583333,12.7,14.1
BCGR,Butte Sink,Canal channel,3/2/20,NA,NA,NA,3949.870244,2994.611941,254.7376375,4157.98035,3136.103823,123.3299256,11.999375,11.02,12.76
BCGR,Butte Sink,Canal channel,3/3/20,3908.248223,2966.313565,281.0191798,3908.248223,2966.313565,281.0191798,3908.248223,2966.313565,281.0191798,12.73333333,11.66,13.88
BCGR,Butte Sink,Canal channel,3/4/20,NA,NA,NA,4977.427778,4020.776569,330.6651474,3908.248223,2966.313565,281.0191798,13.835,12.82,14.84
BCGR,Butte Sink,Canal channel,3/5/20,NA,NA,NA,6046.607332,5075.239573,380.3111149,3908.248223,2966.313565,281.0191798,14.35020833,13.4,15.16
BCGR,Butte Sink,Canal channel,3/6/20,NA,NA,NA,7115.786887,6129.702577,429.9570825,3908.248223,2966.313565,281.0191798,14.31354167,13.6,14.88
BCGR,Butte Sink,Canal channel,3/7/20,NA,NA,NA,8184.966442,7184.165581,479.60305,3908.248223,2966.313565,281.0191798,13.771875,13.3,14.42
BCGR,Butte Sink,Canal channel,3/8/20,NA,NA,NA,9254.145996,8238.628585,529.2490176,3908.248223,2966.313565,281.0191798,12.86145833,12.34,13.44
BCGR,Butte Sink,Canal channel,3/9/20,NA,NA,NA,10323.32555,9293.091589,578.8949852,3908.248223,2966.313565,281.0191798,13.065625,12.2,14.1
BCGR,Butte Sink,Canal channel,3/10/20,NA,NA,NA,11392.50511,10347.55459,628.5409527,3908.248223,2966.313565,281.0191798,13.85645833,12.9,14.88
BCGR,Butte Sink,Canal channel,3/11/20,12461.68466,11402.0176,678.1869203,12461.68466,11402.0176,678.1869203,12461.68466,11402.0176,678.1869203,14.71645833,13.8,15.56
BCGR,Butte Sink,Canal channel,3/12/20,NA,NA,NA,11395.89672,10273.89752,586.7265374,12461.68466,11402.0176,678.1869203,15.30645833,14.42,16.04
BCGR,Butte Sink,Canal channel,3/13/20,NA,NA,NA,10330.10879,9145.777451,495.2661544,12461.68466,11402.0176,678.1869203,15.28708333,14.44,15.82
BCGR,Butte Sink,Canal channel,3/14/20,NA,NA,NA,9264.320849,8017.657378,403.8057715,12461.68466,11402.0176,678.1869203,14.19708333,13.62,15.24
BCGR,Butte Sink,Canal channel,3/15/20,NA,NA,NA,8198.532912,6889.537305,312.3453886,12461.68466,11402.0176,678.1869203,12.69604167,12.28,13.6
BCGR,Butte Sink,Canal channel,3/16/20,7132.744975,5761.417231,220.8850057,7132.744975,5761.417231,220.8850057,7132.744975,5761.417231,220.8850057,11.72291667,11.28,12.26
BCGR,Butte Sink,Canal channel,3/17/20,NA,NA,NA,7132.744975,5761.417231,220.8850057,7132.744975,5761.417231,220.8850057,NA,NA,NA
BCGR,Butte Sink,Canal channel,3/18/20,NA,NA,NA,7132.744975,5761.417231,220.8850057,7132.744975,5761.417231,220.8850057,NA,NA,NA
BCMP,Upper Bypass,Canal channel,2/3/20,5917.85589,4150.718367,678.087654,5917.85589,4150.718367,678.087654,5917.85589,4150.718367,678.087654,NA,NA,NA
BCMP,Upper Bypass,Canal channel,2/4/20,NA,NA,NA,5918.739493,4219.718361,728.5108004,5917.85589,4150.718367,678.087654,NA,NA,NA
BCMP,Upper Bypass,Canal channel,2/5/20,NA,NA,NA,5919.623097,4288.718355,778.9339468,5917.85589,4150.718367,678.087654,NA,NA,NA
BCMP,Upper Bypass,Canal channel,2/6/20,NA,NA,NA,5920.5067,4357.718348,829.3570931,5917.85589,4150.718367,678.087654,NA,NA,NA
BCMP,Upper Bypass,Canal channel,2/7/20,NA,NA,NA,5921.390303,4426.718342,879.7802395,5917.85589,4150.718367,678.087654,NA,NA,NA
BCMP,Upper Bypass,Canal channel,2/8/20,NA,NA,NA,5922.273907,4495.718336,930.2033859,5917.85589,4150.718367,678.087654,NA,NA,NA
BCMP,Upper Bypass,Canal channel,2/9/20,NA,NA,NA,5923.15751,4564.718329,980.6265322,5917.85589,4150.718367,678.087654,NA,NA,NA
BCMP,Upper Bypass,Canal channel,2/10/20,NA,NA,NA,5924.041114,4633.718323,1031.049679,5917.85589,4150.718367,678.087654,NA,NA,NA
BCMP,Upper Bypass,Canal channel,2/11/20,NA,NA,NA,5924.924717,4702.718317,1081.472825,5917.85589,4150.718367,678.087654,NA,NA,NA
BCMP,Upper Bypass,Canal channel,2/12/20,5925.808321,4771.718311,1131.895971,5925.808321,4771.718311,1131.895971,5925.808321,4771.718311,1131.895971,NA,NA,NA
BCMP,Upper Bypass,Canal channel,2/13/20,NA,NA,NA,5957.083647,4765.529386,1166.30513,5925.808321,4771.718311,1131.895971,12.06851064,11.86,12.4
BCMP,Upper Bypass,Canal channel,2/14/20,NA,NA,NA,5988.358974,4759.340462,1200.714289,5925.808321,4771.718311,1131.895971,12.25041667,11.88,13.3
BCMP,Upper Bypass,Canal channel,2/15/20,NA,NA,NA,6019.634301,4753.151538,1235.123448,5925.808321,4771.718311,1131.895971,12.503125,12.08,13.16
BCMP,Upper Bypass,Canal channel,2/16/20,NA,NA,NA,6050.909628,4746.962614,1269.532607,5925.808321,4771.718311,1131.895971,13.29645833,12.64,14.1
BCMP,Upper Bypass,Canal channel,2/17/20,NA,NA,NA,6082.184955,4740.773689,1303.941765,5925.808321,4771.718311,1131.895971,13.66,13.08,14.66
BCMP,Upper Bypass,Canal channel,2/18/20,NA,NA,NA,6113.460282,4734.584765,1338.350924,5925.808321,4771.718311,1131.895971,12.7975,12.4,13.46
BCMP,Upper Bypass,Canal channel,2/19/20,6144.735609,4728.395841,1372.760083,6144.735609,4728.395841,1372.760083,6144.735609,4728.395841,1372.760083,12.52020833,12,13.36
BCMP,Upper Bypass,Canal channel,2/20/20,NA,NA,NA,6411.971294,4990.630706,1285.031196,6144.735609,4728.395841,1372.760083,13.24354167,12.32,14.02
BCMP,Upper Bypass,Canal channel,2/21/20,NA,NA,NA,6679.206979,5252.865572,1197.30231,6144.735609,4728.395841,1372.760083,13.77125,12.78,14.86
BCMP,Upper Bypass,Canal channel,2/22/20,NA,NA,NA,6946.442664,5515.100437,1109.573424,6144.735609,4728.395841,1372.760083,14.460625,13.18,15.76
BCMP,Upper Bypass,Canal channel,2/23/20,NA,NA,NA,7213.678349,5777.335302,1021.844537,6144.735609,4728.395841,1372.760083,14.37145833,13.26,15.12
BCMP,Upper Bypass,Canal channel,2/24/20,NA,NA,NA,7480.914034,6039.570168,934.1156506,6144.735609,4728.395841,1372.760083,14.31583333,13.32,15.06
BCMP,Upper Bypass,Canal channel,2/25/20,NA,NA,NA,7748.149718,6301.805033,846.3867641,6144.735609,4728.395841,1372.760083,14.24208333,13.06,15.28
BCMP,Upper Bypass,Canal channel,2/26/20,8015.385403,6564.039898,758.6578777,8015.385403,6564.039898,758.6578777,8015.385403,6564.039898,758.6578777,15.204375,13.64,16.72
BCMP,Upper Bypass,Canal channel,2/27/20,NA,NA,NA,10668.39897,8623.692933,928.8462545,8015.385403,6564.039898,758.6578777,16.16979167,14.9,17.48
BCMP,Upper Bypass,Canal channel,2/28/20,NA,NA,NA,13321.41254,10683.34597,1099.034631,8015.385403,6564.039898,758.6578777,16.61208333,15.52,17.56
BCMP,Upper Bypass,Canal channel,2/29/20,NA,NA,NA,15974.42611,12742.999,1269.223008,8015.385403,6564.039898,758.6578777,16.54979167,15.58,17.36
BCMP,Upper Bypass,Canal channel,3/1/20,NA,NA,NA,18627.43968,14802.65204,1439.411385,8015.385403,6564.039898,758.6578777,15.04125,13.46,16.72
BCMP,Upper Bypass,Canal channel,3/2/20,NA,NA,NA,21280.45325,16862.30507,1609.599762,8015.385403,6564.039898,758.6578777,12.85479167,12.14,13.38
BCMP,Upper Bypass,Canal channel,3/3/20,23933.46681,18921.95811,1779.788139,23933.46681,18921.95811,1779.788139,23933.46681,18921.95811,1779.788139,13.845,12.18,15.82
BCMP,Upper Bypass,Canal channel,3/4/20,NA,NA,NA,25860.39574,20384.1659,1876.269001,23933.46681,18921.95811,1779.788139,16.02916667,14.6,17.8
BCMP,Upper Bypass,Canal channel,3/5/20,NA,NA,NA,27787.32466,21846.37369,1972.749863,23933.46681,18921.95811,1779.788139,17.16916667,15.96,18.5
BCMP,Upper Bypass,Canal channel,3/6/20,NA,NA,NA,29714.25358,23308.58148,2069.230725,23933.46681,18921.95811,1779.788139,16.22354167,15.6,17.56
BCMP,Upper Bypass,Canal channel,3/7/20,NA,NA,NA,31641.1825,24770.78927,2165.711587,23933.46681,18921.95811,1779.788139,14.655625,14.2,15.68
BCMP,Upper Bypass,Canal channel,3/8/20,NA,NA,NA,33568.11142,26232.99706,2262.192449,23933.46681,18921.95811,1779.788139,13.83875,13.5,14.28
BCMP,Upper Bypass,Canal channel,3/9/20,NA,NA,NA,35495.04034,27695.20485,2358.673312,23933.46681,18921.95811,1779.788139,14.8225,13.18,17.02
BCMP,Upper Bypass,Canal channel,3/10/20,NA,NA,NA,37421.96926,29157.41264,2455.154174,23933.46681,18921.95811,1779.788139,16.00833333,14.66,17.68
BCMP,Upper Bypass,Canal channel,3/11/20,39348.89818,30619.62043,2551.635036,39348.89818,30619.62043,2551.635036,39348.89818,30619.62043,2551.635036,16.77416667,15.5,18.3
BCMP,Upper Bypass,Canal channel,3/12/20,NA,NA,NA,35722.11272,27814.29967,2364.967974,39348.89818,30619.62043,2551.635036,17.52833333,16.52,18.36
BCMP,Upper Bypass,Canal channel,3/13/20,NA,NA,NA,32095.32726,25008.97891,2178.300911,39348.89818,30619.62043,2551.635036,17.03208333,16,17.8
BCMP,Upper Bypass,Canal channel,3/14/20,NA,NA,NA,28468.5418,22203.65815,1991.633849,39348.89818,30619.62043,2551.635036,15.39520833,14.32,17.02
BCMP,Upper Bypass,Canal channel,3/15/20,NA,NA,NA,24841.75634,19398.3374,1804.966787,39348.89818,30619.62043,2551.635036,13.533125,12.78,14.32
BCMP,Upper Bypass,Canal channel,3/16/20,NA,NA,NA,21214.97087,16593.01664,1618.299725,39348.89818,30619.62043,2551.635036,12.45208333,11.9,12.78
BCMP,Upper Bypass,Canal channel,3/17/20,NA,NA,NA,17588.18541,13787.69588,1431.632663,39348.89818,30619.62043,2551.635036,11.57375,11.12,11.92
BCMP,Upper Bypass,Canal channel,3/18/20,13961.39995,10982.37512,1244.965601,13961.39995,10982.37512,1244.965601,13961.39995,10982.37512,1244.965601,11.06263158,9.94,11.2
BSMR,Butte Sink,Wetland,2/3/20,58400.59027,32758.75404,17373.6523,58400.59027,32758.75404,17373.6523,58400.59027,32758.75404,17373.6523,NA,NA,NA
BSMR,Butte Sink,Wetland,2/4/20,NA,NA,NA,57765.70004,33689.29445,19195.49008,58400.59027,32758.75404,17373.6523,NA,NA,NA
BSMR,Butte Sink,Wetland,2/5/20,NA,NA,NA,57130.80981,34619.83485,21017.32786,58400.59027,32758.75404,17373.6523,NA,NA,NA
BSMR,Butte Sink,Wetland,2/6/20,NA,NA,NA,56495.91959,35550.37526,22839.16564,58400.59027,32758.75404,17373.6523,NA,NA,NA
BSMR,Butte Sink,Wetland,2/7/20,NA,NA,NA,55861.02936,36480.91567,24661.00342,58400.59027,32758.75404,17373.6523,NA,NA,NA
BSMR,Butte Sink,Wetland,2/8/20,NA,NA,NA,55226.13913,37411.45607,26482.84119,58400.59027,32758.75404,17373.6523,NA,NA,NA
BSMR,Butte Sink,Wetland,2/9/20,NA,NA,NA,54591.2489,38341.99648,28304.67897,58400.59027,32758.75404,17373.6523,NA,NA,NA
BSMR,Butte Sink,Wetland,2/10/20,NA,NA,NA,53956.35868,39272.53688,30126.51675,58400.59027,32758.75404,17373.6523,NA,NA,NA
BSMR,Butte Sink,Wetland,2/11/20,NA,NA,NA,53321.46845,40203.07729,31948.35453,58400.59027,32758.75404,17373.6523,NA,NA,NA
BSMR,Butte Sink,Wetland,2/12/20,52686.57822,41133.6177,33770.19231,52686.57822,41133.6177,33770.19231,52686.57822,41133.6177,33770.19231,NA,NA,NA
BSMR,Butte Sink,Wetland,2/13/20,NA,NA,NA,59687.01379,45767.10821,32855.63904,52686.57822,41133.6177,33770.19231,12.33833333,10.64,13.94
BSMR,Butte Sink,Wetland,2/14/20,NA,NA,NA,66687.44936,50400.59872,31941.08577,52686.57822,41133.6177,33770.19231,12.49291667,10.96,14.06
BSMR,Butte Sink,Wetland,2/15/20,NA,NA,NA,73687.88493,55034.08924,31026.5325,52686.57822,41133.6177,33770.19231,12.75208333,11.02,14.32
BSMR,Butte Sink,Wetland,2/16/20,NA,NA,NA,80688.3205,59667.57975,30111.97923,52686.57822,41133.6177,33770.19231,14.075,12.42,15.68
BSMR,Butte Sink,Wetland,2/17/20,NA,NA,NA,87688.75608,64301.07027,29197.42596,52686.57822,41133.6177,33770.19231,12.68208333,10.68,14.42
BSMR,Butte Sink,Wetland,2/18/20,NA,NA,NA,94689.19165,68934.56078,28282.87269,52686.57822,41133.6177,33770.19231,11.42104167,9.24,13.74
BSMR,Butte Sink,Wetland,2/19/20,101689.6272,73568.05129,27368.31942,101689.6272,73568.05129,27368.31942,101689.6272,73568.05129,27368.31942,12.07,10.4,13.4
BSMR,Butte Sink,Wetland,2/20/20,NA,NA,NA,112870.0023,80377.42336,27833.52889,101689.6272,73568.05129,27368.31942,12.44666667,10.94,13.82
BSMR,Butte Sink,Wetland,2/21/20,NA,NA,NA,124050.3775,87186.79542,28298.73835,101689.6272,73568.05129,27368.31942,13.18208333,10.98,15.94
BSMR,Butte Sink,Wetland,2/22/20,NA,NA,NA,135230.7526,93996.16748,28763.94782,101689.6272,73568.05129,27368.31942,13.58833333,11.66,15.22
BSMR,Butte Sink,Wetland,2/23/20,NA,NA,NA,146411.1277,100805.5395,29229.15729,101689.6272,73568.05129,27368.31942,14.094375,12.06,16.54
BSMR,Butte Sink,Wetland,2/24/20,NA,NA,NA,157591.5028,107614.9116,29694.36675,101689.6272,73568.05129,27368.31942,13.49416667,11.62,15.08
BSMR,Butte Sink,Wetland,2/25/20,NA,NA,NA,168771.8779,114424.2837,30159.57622,101689.6272,73568.05129,27368.31942,12.86604167,9.68,15.78
BSMR,Butte Sink,Wetland,2/26/20,179952.2531,121233.6557,30624.78568,179952.2531,121233.6557,30624.78568,179952.2531,121233.6557,30624.78568,13.61395833,11.64,15.26
BSMR,Butte Sink,Wetland,2/27/20,NA,NA,NA,173121.2058,117970.0766,34652.82223,179952.2531,121233.6557,30624.78568,14.776875,12.32,17.68
BSMR,Butte Sink,Wetland,2/28/20,NA,NA,NA,166290.1586,114706.4975,38680.85878,179952.2531,121233.6557,30624.78568,14.60854167,13,15.78
BSMR,Butte Sink,Wetland,2/29/20,NA,NA,NA,159459.1114,111442.9185,42708.89533,179952.2531,121233.6557,30624.78568,14.98854167,13.2,16.48
BSMR,Butte Sink,Wetland,3/1/20,NA,NA,NA,152628.0641,108179.3394,46736.93188,179952.2531,121233.6557,30624.78568,12.444375,9.94,14.82
BSMR,Butte Sink,Wetland,3/2/20,NA,NA,NA,145797.0169,104915.7603,50764.96843,179952.2531,121233.6557,30624.78568,10.38333333,6.48,13.64
BSMR,Butte Sink,Wetland,3/3/20,138965.9696,101652.1812,54793.00498,138965.9696,101652.1812,54793.00498,138965.9696,101652.1812,54793.00498,13.28854167,10.08,16.94
BSMR,Butte Sink,Wetland,3/4/20,NA,NA,NA,160238.7148,117735.4881,59699.72641,138965.9696,101652.1812,54793.00498,15.045,12.56,17.56
BSMR,Butte Sink,Wetland,3/5/20,NA,NA,NA,181511.46,133818.7949,64606.44784,138965.9696,101652.1812,54793.00498,15.66416667,13.16,17.98
BSMR,Butte Sink,Wetland,3/6/20,NA,NA,NA,202784.2052,149902.1018,69513.16927,138965.9696,101652.1812,54793.00498,15.28645833,13.3,17.54
BSMR,Butte Sink,Wetland,3/7/20,NA,NA,NA,224056.9504,165985.4087,74419.8907,138965.9696,101652.1812,54793.00498,14.42125,12.38,17.3
BSMR,Butte Sink,Wetland,3/8/20,NA,NA,NA,245329.6956,182068.7155,79326.61213,138965.9696,101652.1812,54793.00498,13.58895833,11.44,15.84
BSMR,Butte Sink,Wetland,3/9/20,NA,NA,NA,266602.4408,198152.0224,84233.33356,138965.9696,101652.1812,54793.00498,15.3875,12.46,18.94
BSMR,Butte Sink,Wetland,3/10/20,NA,NA,NA,287875.186,214235.3293,89140.05499,138965.9696,101652.1812,54793.00498,16.01145833,12.54,19.5
BSMR,Butte Sink,Wetland,3/11/20,309147.9312,230318.6361,94046.77642,309147.9312,230318.6361,94046.77642,309147.9312,230318.6361,94046.77642,17.355625,13.88,21.14
BSMR,Butte Sink,Wetland,3/12/20,NA,NA,NA,305338.6743,235628.1489,96363.82877,309147.9312,230318.6361,94046.77642,17.47291667,14.4,21.2
BSMR,Butte Sink,Wetland,3/13/20,NA,NA,NA,301529.4173,240937.6618,98680.88113,309147.9312,230318.6361,94046.77642,16.04479167,12.94,20.5
BSMR,Butte Sink,Wetland,3/14/20,NA,NA,NA,297720.1603,246247.1746,100997.9335,309147.9312,230318.6361,94046.77642,13.308125,11.36,15.88
BSMR,Butte Sink,Wetland,3/15/20,NA,NA,NA,293910.9033,251556.6874,103314.9858,309147.9312,230318.6361,94046.77642,12.0725,10.76,13.88
BSMR,Butte Sink,Wetland,3/16/20,290101.6464,256866.2002,105632.0382,290101.6464,256866.2002,105632.0382,290101.6464,256866.2002,105632.0382,10.949,9.56,11.94
BSMR,Butte Sink,Wetland,3/17/20,NA,NA,NA,290101.6464,256866.2002,105632.0382,290101.6464,256866.2002,105632.0382,NA,NA,NA
BSMR,Butte Sink,Wetland,3/18/20,NA,NA,NA,290101.6464,256866.2002,105632.0382,290101.6464,256866.2002,105632.0382,NA,NA,NA
BSSS,Butte Sink,Wetland,2/3/20,74027.59816,45697.38831,28764.38931,74027.59816,45697.38831,28764.38931,74027.59816,45697.38831,28764.38931,NA,NA,NA
BSSS,Butte Sink,Wetland,2/4/20,NA,NA,NA,81646.69831,54363.06236,34200.41453,74027.59816,45697.38831,28764.38931,NA,NA,NA
BSSS,Butte Sink,Wetland,2/5/20,NA,NA,NA,89265.79846,63028.73641,39636.43974,74027.59816,45697.38831,28764.38931,NA,NA,NA
BSSS,Butte Sink,Wetland,2/6/20,NA,NA,NA,96884.89862,71694.41047,45072.46495,74027.59816,45697.38831,28764.38931,NA,NA,NA
BSSS,Butte Sink,Wetland,2/7/20,NA,NA,NA,104503.9988,80360.08452,50508.49017,74027.59816,45697.38831,28764.38931,NA,NA,NA
BSSS,Butte Sink,Wetland,2/8/20,NA,NA,NA,112123.0989,89025.75858,55944.51538,74027.59816,45697.38831,28764.38931,NA,NA,NA
BSSS,Butte Sink,Wetland,2/9/20,NA,NA,NA,119742.1991,97691.43263,61380.5406,74027.59816,45697.38831,28764.38931,NA,NA,NA
BSSS,Butte Sink,Wetland,2/10/20,NA,NA,NA,127361.2992,106357.1067,66816.56581,74027.59816,45697.38831,28764.38931,NA,NA,NA
BSSS,Butte Sink,Wetland,2/11/20,NA,NA,NA,134980.3994,115022.7807,72252.59102,74027.59816,45697.38831,28764.38931,NA,NA,NA
BSSS,Butte Sink,Wetland,2/12/20,142599.4995,123688.4548,77688.61624,142599.4995,123688.4548,77688.61624,142599.4995,123688.4548,77688.61624,NA,NA,NA
BSSS,Butte Sink,Wetland,2/13/20,NA,NA,NA,129527.5566,111412.4151,69806.06831,142599.4995,123688.4548,77688.61624,11.64916667,10.34,13.86
BSSS,Butte Sink,Wetland,2/14/20,NA,NA,NA,116455.6137,99136.37548,61923.52038,142599.4995,123688.4548,77688.61624,11.53833333,10.56,12.3
BSSS,Butte Sink,Wetland,2/15/20,NA,NA,NA,103383.6708,86860.33583,54040.97245,142599.4995,123688.4548,77688.61624,11.79645833,10.78,13.02
BSSS,Butte Sink,Wetland,2/16/20,NA,NA,NA,90311.72786,74584.29617,46158.42452,142599.4995,123688.4548,77688.61624,12.69354167,11.78,13.74
BSSS,Butte Sink,Wetland,2/17/20,NA,NA,NA,77239.78494,62308.25651,38275.87659,142599.4995,123688.4548,77688.61624,12.63666667,11.72,13.6
BSSS,Butte Sink,Wetland,2/18/20,NA,NA,NA,64167.84203,50032.21685,30393.32866,142599.4995,123688.4548,77688.61624,12.0075,10.88,13.18
BSSS,Butte Sink,Wetland,2/19/20,51095.89911,37756.1772,22510.78073,51095.89911,37756.1772,22510.78073,51095.89911,37756.1772,22510.78073,12.04020833,10.84,13.04
BSSS,Butte Sink,Wetland,2/20/20,NA,NA,NA,51080.7902,38547.41893,23034.71106,51095.89911,37756.1772,22510.78073,12.12291667,11.26,12.9
BSSS,Butte Sink,Wetland,2/21/20,NA,NA,NA,51065.6813,39338.66066,23558.64139,51095.89911,37756.1772,22510.78073,12.209375,11.02,13.26
BSSS,Butte Sink,Wetland,2/22/20,NA,NA,NA,51050.57239,40129.90239,24082.57173,51095.89911,37756.1772,22510.78073,12.67145833,11.32,14.1
BSSS,Butte Sink,Wetland,2/23/20,NA,NA,NA,51035.46349,40921.14412,24606.50206,51095.89911,37756.1772,22510.78073,13.27458333,12.02,14.46
BSSS,Butte Sink,Wetland,2/24/20,NA,NA,NA,51020.35458,41712.38585,25130.4324,51095.89911,37756.1772,22510.78073,13.334375,12.02,14.48
BSSS,Butte Sink,Wetland,2/25/20,NA,NA,NA,51005.24568,42503.62758,25654.36273,51095.89911,37756.1772,22510.78073,13.20666667,11.74,14.56
BSSS,Butte Sink,Wetland,2/26/20,50990.13677,43294.8693,26178.29307,50990.13677,43294.8693,26178.29307,50990.13677,43294.8693,26178.29307,13.674375,12.26,15.22
BSSS,Butte Sink,Wetland,2/27/20,NA,NA,NA,48408.03223,40915.85291,24223.26241,50990.13677,43294.8693,26178.29307,14.36895833,12.94,15.66
BSSS,Butte Sink,Wetland,2/28/20,NA,NA,NA,45825.92768,38536.83651,22268.23175,50990.13677,43294.8693,26178.29307,14.67375,13.42,15.92
BSSS,Butte Sink,Wetland,2/29/20,NA,NA,NA,43243.82313,36157.82011,20313.2011,50990.13677,43294.8693,26178.29307,14.73645833,13.66,15.54
BSSS,Butte Sink,Wetland,3/1/20,NA,NA,NA,40661.71858,33778.80371,18358.17044,50990.13677,43294.8693,26178.29307,13.64333333,12.8,14.56
BSSS,Butte Sink,Wetland,3/2/20,NA,NA,NA,38079.61404,31399.78731,16403.13978,50990.13677,43294.8693,26178.29307,12.30229167,10.52,13.58
BSSS,Butte Sink,Wetland,3/3/20,35497.50949,29020.77092,14448.10913,35497.50949,29020.77092,14448.10913,35497.50949,29020.77092,14448.10913,13.21791667,11.72,14.56
BSSS,Butte Sink,Wetland,3/4/20,NA,NA,NA,34979.53208,28044.09995,13879.194,35497.50949,29020.77092,14448.10913,14.52333333,12.9,17.26
BSSS,Butte Sink,Wetland,3/5/20,NA,NA,NA,34461.55467,27067.42898,13310.27888,35497.50949,29020.77092,14448.10913,15.72979167,14,17.58
BSSS,Butte Sink,Wetland,3/6/20,NA,NA,NA,33943.57726,26090.75802,12741.36376,35497.50949,29020.77092,14448.10913,15.64083333,14.72,16.56
BSSS,Butte Sink,Wetland,3/7/20,NA,NA,NA,33425.59985,25114.08705,12172.44864,35497.50949,29020.77092,14448.10913,14.56166667,13.78,15.42
BSSS,Butte Sink,Wetland,3/8/20,NA,NA,NA,32907.62244,24137.41609,11603.53352,35497.50949,29020.77092,14448.10913,14.09020833,12.98,15.26
BSSS,Butte Sink,Wetland,3/9/20,NA,NA,NA,32389.64503,23160.74512,11034.6184,35497.50949,29020.77092,14448.10913,14.62645833,13.32,15.9
BSSS,Butte Sink,Wetland,3/10/20,NA,NA,NA,31871.66762,22184.07416,10465.70328,35497.50949,29020.77092,14448.10913,14.80395833,13.46,15.96
BSSS,Butte Sink,Wetland,3/11/20,31353.69021,21207.40319,9896.788156,31353.69021,21207.40319,9896.788156,31353.69021,21207.40319,9896.788156,15.51729167,14.06,17.04
BSSS,Butte Sink,Wetland,3/12/20,NA,NA,NA,42196.76743,31376.51755,8034.3795,31353.69021,21207.40319,9896.788156,16.19645833,14.64,17.68
BSSS,Butte Sink,Wetland,3/13/20,NA,NA,NA,53039.84465,41545.63191,6171.970845,31353.69021,21207.40319,9896.788156,15.90458333,14.04,18.18
BSSS,Butte Sink,Wetland,3/14/20,63882.92187,51714.74627,4309.562189,63882.92187,51714.74627,4309.562189,63882.92187,51714.74627,4309.562189,13.0655,9.06,14.9
BSSS,Butte Sink,Wetland,3/15/20,NA,NA,NA,63882.92187,51714.74627,4309.562189,63882.92187,51714.74627,4309.562189,NA,NA,NA
BSSS,Butte Sink,Wetland,3/16/20,NA,NA,NA,63882.92187,51714.74627,4309.562189,63882.92187,51714.74627,4309.562189,NA,NA,NA
BSSS,Butte Sink,Wetland,3/17/20,NA,NA,NA,63882.92187,51714.74627,4309.562189,63882.92187,51714.74627,4309.562189,NA,NA,NA
BSSS,Butte Sink,Wetland,3/18/20,NA,NA,NA,63882.92187,51714.74627,4309.562189,63882.92187,51714.74627,4309.562189,NA,NA,NA
FRLF,Feather River,River channel,2/3/20,156.7676144,50.8435506,7.414684463,156.7676144,50.8435506,7.414684463,156.7676144,50.8435506,7.414684463,NA,NA,NA
FRLF,Feather River,River channel,2/4/20,NA,NA,NA,169.6419549,58.93071651,12.50387173,156.7676144,50.8435506,7.414684463,NA,NA,NA
FRLF,Feather River,River channel,2/5/20,NA,NA,NA,182.5162954,67.01788241,17.59305899,156.7676144,50.8435506,7.414684463,NA,NA,NA
FRLF,Feather River,River channel,2/6/20,NA,NA,NA,195.390636,75.10504832,22.68224625,156.7676144,50.8435506,7.414684463,NA,NA,NA
FRLF,Feather River,River channel,2/7/20,NA,NA,NA,208.2649765,83.19221422,27.77143351,156.7676144,50.8435506,7.414684463,NA,NA,NA
FRLF,Feather River,River channel,2/8/20,NA,NA,NA,221.1393171,91.27938012,32.86062077,156.7676144,50.8435506,7.414684463,NA,NA,NA
FRLF,Feather River,River channel,2/9/20,NA,NA,NA,234.0136576,99.36654603,37.94980804,156.7676144,50.8435506,7.414684463,NA,NA,NA
FRLF,Feather River,River channel,2/10/20,NA,NA,NA,246.8879982,107.4537119,43.0389953,156.7676144,50.8435506,7.414684463,NA,NA,NA
FRLF,Feather River,River channel,2/11/20,NA,NA,NA,259.7623387,115.5408778,48.12818256,156.7676144,50.8435506,7.414684463,NA,NA,NA
FRLF,Feather River,River channel,2/12/20,272.6366792,123.6280437,53.21736982,272.6366792,123.6280437,53.21736982,272.6366792,123.6280437,53.21736982,NA,NA,NA
FRLF,Feather River,River channel,2/13/20,NA,NA,NA,253.6387495,115.2769727,46.58216926,272.6366792,123.6280437,53.21736982,11.33333333,10.58,11.9
FRLF,Feather River,River channel,2/14/20,NA,NA,NA,234.6408198,106.9259017,39.9469687,272.6366792,123.6280437,53.21736982,11.39854167,10.66,11.92
FRLF,Feather River,River channel,2/15/20,NA,NA,NA,215.6428901,98.57483066,33.31176813,272.6366792,123.6280437,53.21736982,11.49041667,10.8,12.06
FRLF,Feather River,River channel,2/16/20,NA,NA,NA,196.6449604,90.22375964,26.67656757,272.6366792,123.6280437,53.21736982,12.0325,11.24,12.66
FRLF,Feather River,River channel,2/17/20,NA,NA,NA,177.6470306,81.87268861,20.041367,272.6366792,123.6280437,53.21736982,12.13354167,11.4,12.76
FRLF,Feather River,River channel,2/18/20,NA,NA,NA,158.6491009,73.52161758,13.40616644,272.6366792,123.6280437,53.21736982,11.77125,10.98,12.38
FRLF,Feather River,River channel,2/19/20,139.6511712,65.17054656,6.770965876,139.6511712,65.17054656,6.770965876,139.6511712,65.17054656,6.770965876,11.81208333,10.92,12.46
FRLF,Feather River,River channel,2/20/20,NA,NA,NA,138.4089853,61.72230265,6.552004293,139.6511712,65.17054656,6.770965876,12.0275,11.2,12.62
FRLF,Feather River,River channel,2/21/20,NA,NA,NA,137.1667994,58.27405875,6.33304271,139.6511712,65.17054656,6.770965876,12.24645833,11.36,12.92
FRLF,Feather River,River channel,2/22/20,NA,NA,NA,135.9246135,54.82581484,6.114081127,139.6511712,65.17054656,6.770965876,12.51479167,11.54,13.16
FRLF,Feather River,River channel,2/23/20,NA,NA,NA,134.6824276,51.37757094,5.895119544,139.6511712,65.17054656,6.770965876,12.75375,11.92,13.32
FRLF,Feather River,River channel,2/24/20,NA,NA,NA,133.4402417,47.92932703,5.676157961,139.6511712,65.17054656,6.770965876,12.94208333,12,13.56
FRLF,Feather River,River channel,2/25/20,NA,NA,NA,132.1980558,44.48108313,5.457196378,139.6511712,65.17054656,6.770965876,13.02291667,12.06,13.72
FRLF,Feather River,River channel,2/26/20,130.9558699,41.03283922,5.238234795,130.9558699,41.03283922,5.238234795,130.9558699,41.03283922,5.238234795,13.37645833,12.3,14.22
FRLF,Feather River,River channel,2/27/20,NA,NA,NA,128.6277655,41.43610016,7.846958869,130.9558699,41.03283922,5.238234795,13.845625,12.82,14.64
FRLF,Feather River,River channel,2/28/20,NA,NA,NA,126.2996612,41.83936109,10.45568294,130.9558699,41.03283922,5.238234795,14.145625,13.2,14.88
FRLF,Feather River,River channel,2/29/20,NA,NA,NA,123.9715568,42.24262202,13.06440702,130.9558699,41.03283922,5.238234795,14.20666667,13.36,14.86
FRLF,Feather River,River channel,3/1/20,NA,NA,NA,121.6434525,42.64588296,15.67313109,130.9558699,41.03283922,5.238234795,13.724375,13.24,14.52
FRLF,Feather River,River channel,3/2/20,NA,NA,NA,119.3153481,43.04914389,18.28185517,130.9558699,41.03283922,5.238234795,12.19166667,11.24,13.2
FRLF,Feather River,River channel,3/3/20,116.9872437,43.45240482,20.89057924,116.9872437,43.45240482,20.89057924,116.9872437,43.45240482,20.89057924,12.935,11.74,14.2
FRLF,Feather River,River channel,3/4/20,NA,NA,NA,138.1372027,51.82230653,19.60419626,116.9872437,43.45240482,20.89057924,14.12729167,13,15.1
FRLF,Feather River,River channel,3/5/20,NA,NA,NA,159.2871616,60.19220823,18.31781327,116.9872437,43.45240482,20.89057924,14.66770833,13.66,15.3
FRLF,Feather River,River channel,3/6/20,NA,NA,NA,180.4371205,68.56210994,17.03143029,116.9872437,43.45240482,20.89057924,14.56,13.84,15.26
FRLF,Feather River,River channel,3/7/20,NA,NA,NA,201.5870794,76.93201165,15.74504731,116.9872437,43.45240482,20.89057924,13.594375,13.18,14.68
FRLF,Feather River,River channel,3/8/20,NA,NA,NA,222.7370383,85.30191335,14.45866432,116.9872437,43.45240482,20.89057924,13.035625,12.4,13.42
FRLF,Feather River,River channel,3/9/20,NA,NA,NA,243.8869972,93.67181506,13.17228134,116.9872437,43.45240482,20.89057924,13.733125,12.4,14.62
FRLF,Feather River,River channel,3/10/20,NA,NA,NA,265.0369562,102.0417168,11.88589836,116.9872437,43.45240482,20.89057924,14.40604167,13.24,15.28
FRLF,Feather River,River channel,3/11/20,286.1869151,110.4116185,10.59951537,286.1869151,110.4116185,10.59951537,286.1869151,110.4116185,10.59951537,15.12395833,14.04,15.94
FRLF,Feather River,River channel,3/12/20,NA,NA,NA,295.37762,107.5934403,10.80459538,286.1869151,110.4116185,10.59951537,15.78479167,14.74,16.62
FRLF,Feather River,River channel,3/13/20,NA,NA,NA,304.5683249,104.7752621,11.00967538,286.1869151,110.4116185,10.59951537,15.695625,14.86,16.4
FRLF,Feather River,River channel,3/14/20,NA,NA,NA,313.7590298,101.9570839,11.21475538,286.1869151,110.4116185,10.59951537,14.16729167,13.42,15.52
FRLF,Feather River,River channel,3/15/20,NA,NA,NA,322.9497347,99.1389057,11.41983539,286.1869151,110.4116185,10.59951537,12.85333333,12.5,13.52
FRLF,Feather River,River channel,3/16/20,332.1404397,96.3207275,11.62491539,332.1404397,96.3207275,11.62491539,332.1404397,96.3207275,11.62491539,11.89428571,11.48,12.5
FRLF,Feather River,River channel,3/17/20,NA,NA,NA,332.1404397,96.3207275,11.62491539,332.1404397,96.3207275,11.62491539,NA,NA,NA
FRLF,Feather River,River channel,3/18/20,NA,NA,NA,332.1404397,96.3207275,11.62491539,332.1404397,96.3207275,11.62491539,NA,NA,NA
RGSAC,Sacramento River,River channel,2/3/20,2710.306563,401.9522446,34.45304953,2710.306563,401.9522446,34.45304953,2710.306563,401.9522446,34.45304953,NA,NA,NA
RGSAC,Sacramento River,River channel,2/4/20,NA,NA,NA,2601.688968,457.8999137,62.0443641,2710.306563,401.9522446,34.45304953,NA,NA,NA
RGSAC,Sacramento River,River channel,2/5/20,NA,NA,NA,2493.071372,513.8475828,89.63567866,2710.306563,401.9522446,34.45304953,NA,NA,NA
RGSAC,Sacramento River,River channel,2/6/20,NA,NA,NA,2384.453777,569.7952519,117.2269932,2710.306563,401.9522446,34.45304953,NA,NA,NA
RGSAC,Sacramento River,River channel,2/7/20,NA,NA,NA,2275.836182,625.742921,144.8183078,2710.306563,401.9522446,34.45304953,NA,NA,NA
RGSAC,Sacramento River,River channel,2/8/20,NA,NA,NA,2167.218586,681.6905901,172.4096223,2710.306563,401.9522446,34.45304953,NA,NA,NA
RGSAC,Sacramento River,River channel,2/9/20,NA,NA,NA,2058.600991,737.6382593,200.0009369,2710.306563,401.9522446,34.45304953,NA,NA,NA
RGSAC,Sacramento River,River channel,2/10/20,NA,NA,NA,1949.983395,793.5859284,227.5922515,2710.306563,401.9522446,34.45304953,NA,NA,NA
RGSAC,Sacramento River,River channel,2/11/20,NA,NA,NA,1841.3658,849.5335975,255.183566,2710.306563,401.9522446,34.45304953,NA,NA,NA
RGSAC,Sacramento River,River channel,2/12/20,1732.748205,905.4812666,282.7748806,1732.748205,905.4812666,282.7748806,1732.748205,905.4812666,282.7748806,NA,NA,NA
RGSAC,Sacramento River,River channel,2/13/20,NA,NA,NA,1992.728895,1009.584228,304.8419951,1732.748205,905.4812666,282.7748806,10.94854167,10.58,11.28
RGSAC,Sacramento River,River channel,2/14/20,NA,NA,NA,2252.709586,1113.68719,326.9091095,1732.748205,905.4812666,282.7748806,11.306875,10.94,11.64
RGSAC,Sacramento River,River channel,2/15/20,NA,NA,NA,2512.690277,1217.790152,348.976224,1732.748205,905.4812666,282.7748806,11.69354167,11.32,12.02
RGSAC,Sacramento River,River channel,2/16/20,NA,NA,NA,2772.670967,1321.893113,371.0433384,1732.748205,905.4812666,282.7748806,12.1575,11.8,12.54
RGSAC,Sacramento River,River channel,2/17/20,NA,NA,NA,3032.651658,1425.996075,393.1104529,1732.748205,905.4812666,282.7748806,12.25833333,11.88,12.54
RGSAC,Sacramento River,River channel,2/18/20,NA,NA,NA,3292.632349,1530.099037,415.1775673,1732.748205,905.4812666,282.7748806,12.18020833,11.8,12.48
RGSAC,Sacramento River,River channel,2/19/20,3552.613039,1634.201998,437.2446818,3552.613039,1634.201998,437.2446818,3552.613039,1634.201998,437.2446818,12.06270833,11.6,12.36
RGSAC,Sacramento River,River channel,2/20/20,NA,NA,NA,3075.067077,1411.408119,378.3730882,3552.613039,1634.201998,437.2446818,12.005,11.58,12.3
RGSAC,Sacramento River,River channel,2/21/20,NA,NA,NA,2597.521115,1188.61424,319.5014947,3552.613039,1634.201998,437.2446818,12.089375,11.62,12.46
RGSAC,Sacramento River,River channel,2/22/20,NA,NA,NA,2119.975153,965.8203614,260.6299012,3552.613039,1634.201998,437.2446818,12.12208333,11.62,12.52
RGSAC,Sacramento River,River channel,2/23/20,NA,NA,NA,1642.42919,743.0264825,201.7583076,3552.613039,1634.201998,437.2446818,12.18125,11.72,12.56
RGSAC,Sacramento River,River channel,2/24/20,NA,NA,NA,1164.883228,520.2326036,142.8867141,3552.613039,1634.201998,437.2446818,12.378125,11.9,12.78
RGSAC,Sacramento River,River channel,2/25/20,NA,NA,NA,687.3372658,297.4387247,84.01512055,3552.613039,1634.201998,437.2446818,12.485,11.86,12.96
RGSAC,Sacramento River,River channel,2/26/20,209.7913035,74.64484582,25.14352701,209.7913035,74.64484582,25.14352701,209.7913035,74.64484582,25.14352701,12.861875,12.42,13.26
RGSAC,Sacramento River,River channel,2/27/20,NA,NA,NA,583.3490746,213.0999168,68.79797385,209.7913035,74.64484582,25.14352701,13.03083333,12.56,13.42
RGSAC,Sacramento River,River channel,2/28/20,NA,NA,NA,956.9068457,351.5549877,112.4524207,209.7913035,74.64484582,25.14352701,13.29208333,12.84,13.72
RGSAC,Sacramento River,River channel,2/29/20,NA,NA,NA,1330.464617,490.0100586,156.1068675,209.7913035,74.64484582,25.14352701,13.57895833,13.12,14.02
RGSAC,Sacramento River,River channel,3/1/20,NA,NA,NA,1704.022388,628.4651296,199.7613144,209.7913035,74.64484582,25.14352701,13.50875,13.1,13.86
RGSAC,Sacramento River,River channel,3/2/20,NA,NA,NA,2077.580159,766.9202005,243.4157612,209.7913035,74.64484582,25.14352701,12.57625,12.16,13.06
RGSAC,Sacramento River,River channel,3/3/20,2451.13793,905.3752715,287.070208,2451.13793,905.3752715,287.070208,2451.13793,905.3752715,287.070208,12.42645833,11.86,12.86
RGSAC,Sacramento River,River channel,3/4/20,NA,NA,NA,2259.718721,833.5354401,257.0078514,2451.13793,905.3752715,287.070208,12.71979167,12.12,13.14
RGSAC,Sacramento River,River channel,3/5/20,NA,NA,NA,2068.299513,761.6956087,226.9454948,2451.13793,905.3752715,287.070208,13.241875,12.72,13.68
RGSAC,Sacramento River,River channel,3/6/20,NA,NA,NA,1876.880304,689.8557773,196.8831381,2451.13793,905.3752715,287.070208,13.70854167,13.36,14.08
RGSAC,Sacramento River,River channel,3/7/20,NA,NA,NA,1685.461096,618.015946,166.8207815,2451.13793,905.3752715,287.070208,13.70708333,13.54,13.92
RGSAC,Sacramento River,River channel,3/8/20,NA,NA,NA,1494.041887,546.1761146,136.7584249,2451.13793,905.3752715,287.070208,13.46875,13.32,13.66
RGSAC,Sacramento River,River channel,3/9/20,NA,NA,NA,1302.622678,474.3362832,106.6960683,2451.13793,905.3752715,287.070208,13.44229167,13.18,13.76
RGSAC,Sacramento River,River channel,3/10/20,NA,NA,NA,1111.20347,402.4964518,76.63371162,2451.13793,905.3752715,287.070208,13.24375,12.88,13.48
RGSAC,Sacramento River,River channel,3/11/20,919.7842612,330.6566205,46.57135499,919.7842612,330.6566205,46.57135499,919.7842612,330.6566205,46.57135499,13.66666667,13.1,14.22
RGSAC,Sacramento River,River channel,3/12/20,NA,NA,NA,1164.665549,456.9956891,56.95431303,919.7842612,330.6566205,46.57135499,14.27833333,13.7,14.78
RGSAC,Sacramento River,River channel,3/13/20,NA,NA,NA,1409.546836,583.3347577,67.33727107,919.7842612,330.6566205,46.57135499,14.66145833,14.16,15.12
RGSAC,Sacramento River,River channel,3/14/20,NA,NA,NA,1654.428124,709.6738263,77.7202291,919.7842612,330.6566205,46.57135499,14.36166667,14,14.74
RGSAC,Sacramento River,River channel,3/15/20,NA,NA,NA,1899.309412,836.0128949,88.10318714,919.7842612,330.6566205,46.57135499,13.73291667,13.34,14
RGSAC,Sacramento River,River channel,3/16/20,NA,NA,NA,2144.190699,962.3519635,98.48614518,919.7842612,330.6566205,46.57135499,12.81729167,12.4,13.32
RGSAC,Sacramento River,River channel,3/17/20,2389.071987,1088.691032,108.8691032,2389.071987,1088.691032,108.8691032,2389.071987,1088.691032,108.8691032,12.12375,11.9,12.4
RGSAC,Sacramento River,River channel,3/18/20,NA,NA,NA,2389.071987,1088.691032,108.8691032,2389.071987,1088.691032,108.8691032,NA,NA,NA
SACTIS,Sacramento River,River channel,2/3/20,2508.56793,689.558957,59.44473768,2508.56793,689.558957,59.44473768,2508.56793,689.558957,59.44473768,NA,NA,NA
SACTIS,Sacramento River,River channel,2/4/20,NA,NA,NA,2321.698953,647.7809732,62.26419603,2508.56793,689.558957,59.44473768,NA,NA,NA
SACTIS,Sacramento River,River channel,2/5/20,NA,NA,NA,2134.829975,606.0029893,65.08365438,2508.56793,689.558957,59.44473768,NA,NA,NA
SACTIS,Sacramento River,River channel,2/6/20,NA,NA,NA,1947.960998,564.2250055,67.90311273,2508.56793,689.558957,59.44473768,NA,NA,NA
SACTIS,Sacramento River,River channel,2/7/20,NA,NA,NA,1761.092021,522.4470216,70.72257109,2508.56793,689.558957,59.44473768,NA,NA,NA
SACTIS,Sacramento River,River channel,2/8/20,NA,NA,NA,1574.223043,480.6690377,73.54202944,2508.56793,689.558957,59.44473768,NA,NA,NA
SACTIS,Sacramento River,River channel,2/9/20,NA,NA,NA,1387.354066,438.8910539,76.36148779,2508.56793,689.558957,59.44473768,NA,NA,NA
SACTIS,Sacramento River,River channel,2/10/20,NA,NA,NA,1200.485088,397.11307,79.18094614,2508.56793,689.558957,59.44473768,NA,NA,NA
SACTIS,Sacramento River,River channel,2/11/20,1013.616111,355.3350861,82.0004045,1013.616111,355.3350861,82.0004045,1013.616111,355.3350861,82.0004045,NA,NA,NA
SACTIS,Sacramento River,River channel,2/12/20,770.0010262,483.8909192,120.9727298,770.0010262,483.8909192,120.9727298,770.0010262,483.8909192,120.9727298,NA,NA,NA
SACTIS,Sacramento River,River channel,2/13/20,NA,NA,NA,806.8757517,462.7803777,112.6599448,770.0010262,483.8909192,120.9727298,11.026875,10.54,11.6
SACTIS,Sacramento River,River channel,2/14/20,NA,NA,NA,843.7504771,441.6698361,104.3471598,770.0010262,483.8909192,120.9727298,11.40895833,10.94,11.98
SACTIS,Sacramento River,River channel,2/15/20,NA,NA,NA,880.6252026,420.5592945,96.03437483,770.0010262,483.8909192,120.9727298,11.735,11.28,12.24
SACTIS,Sacramento River,River channel,2/16/20,NA,NA,NA,917.499928,399.448753,87.72158984,770.0010262,483.8909192,120.9727298,12.04666667,11.6,12.56
SACTIS,Sacramento River,River channel,2/17/20,NA,NA,NA,954.3746535,378.3382114,79.40880485,770.0010262,483.8909192,120.9727298,12.22958333,11.82,12.6
SACTIS,Sacramento River,River channel,2/18/20,NA,NA,NA,991.2493789,357.2276699,71.09601986,770.0010262,483.8909192,120.9727298,11.98458333,11.6,12.3
SACTIS,Sacramento River,River channel,2/19/20,NA,NA,NA,1028.124104,336.1171283,62.78323487,770.0010262,483.8909192,120.9727298,11.83145833,11.46,12.16
SACTIS,Sacramento River,River channel,2/20/20,NA,NA,NA,1064.99883,315.0065868,54.47044988,770.0010262,483.8909192,120.9727298,11.81854167,11.44,12.24
SACTIS,Sacramento River,River channel,2/21/20,NA,NA,NA,1101.873555,293.8960452,46.15766489,770.0010262,483.8909192,120.9727298,11.82416667,11.36,12.24
SACTIS,Sacramento River,River channel,2/22/20,NA,NA,NA,1138.748281,272.7855037,37.8448799,770.0010262,483.8909192,120.9727298,11.88708333,11.38,12.42
SACTIS,Sacramento River,River channel,2/23/20,NA,NA,NA,1175.623006,251.6749621,29.53209491,770.0010262,483.8909192,120.9727298,12.131875,11.66,12.6
SACTIS,Sacramento River,River channel,2/24/20,NA,NA,NA,1212.497732,230.5644206,21.21930992,770.0010262,483.8909192,120.9727298,12.22958333,11.68,12.82
SACTIS,Sacramento River,River channel,2/25/20,NA,NA,NA,1249.372457,209.453879,12.90652493,770.0010262,483.8909192,120.9727298,12.53083333,11.96,14.36
SACTIS,Sacramento River,River channel,2/26/20,1286.247183,188.3433374,4.593739938,1286.247183,188.3433374,4.593739938,1286.247183,188.3433374,4.593739938,12.59458333,12.02,13.14
SACTIS,Sacramento River,River channel,2/27/20,NA,NA,NA,1246.468687,229.6352935,14.09847162,1286.247183,188.3433374,4.593739938,12.83854167,12.3,13.4
SACTIS,Sacramento River,River channel,2/28/20,NA,NA,NA,1206.690192,270.9272496,23.6032033,1286.247183,188.3433374,4.593739938,13.14145833,12.62,13.72
SACTIS,Sacramento River,River channel,2/29/20,NA,NA,NA,1166.911696,312.2192057,33.10793498,1286.247183,188.3433374,4.593739938,13.40166667,12.86,13.94
SACTIS,Sacramento River,River channel,3/1/20,NA,NA,NA,1127.133201,353.5111618,42.61266665,1286.247183,188.3433374,4.593739938,13.093125,12.74,13.68
SACTIS,Sacramento River,River channel,3/2/20,NA,NA,NA,1087.354706,394.8031179,52.11739833,1286.247183,188.3433374,4.593739938,12.09895833,11.62,12.78
SACTIS,Sacramento River,River channel,3/3/20,1047.57621,436.0950739,61.62213001,1047.57621,436.0950739,61.62213001,1047.57621,436.0950739,61.62213001,12.09458333,11.56,12.72
SACTIS,Sacramento River,River channel,3/4/20,NA,NA,NA,1261.350433,479.674602,66.53111677,1047.57621,436.0950739,61.62213001,12.62583333,12,13.32
SACTIS,Sacramento River,River channel,3/5/20,NA,NA,NA,1475.124656,523.2541301,71.44010353,1047.57621,436.0950739,61.62213001,13.30479167,12.72,14.02
SACTIS,Sacramento River,River channel,3/6/20,NA,NA,NA,1688.898878,566.8336582,76.3490903,1047.57621,436.0950739,61.62213001,13.719375,13.26,14.22
SACTIS,Sacramento River,River channel,3/7/20,NA,NA,NA,1902.673101,610.4131862,81.25807706,1047.57621,436.0950739,61.62213001,13.62645833,13.38,13.9
SACTIS,Sacramento River,River channel,3/8/20,NA,NA,NA,2116.447324,653.9927143,86.16706382,1047.57621,436.0950739,61.62213001,13.170625,12.92,13.4
SACTIS,Sacramento River,River channel,3/9/20,NA,NA,NA,2330.221547,697.5722424,91.07605058,1047.57621,436.0950739,61.62213001,12.88729167,12.42,14.22
SACTIS,Sacramento River,River channel,3/10/20,NA,NA,NA,2543.995769,741.1517705,95.98503734,1047.57621,436.0950739,61.62213001,12.97625,12.24,13.72
SACTIS,Sacramento River,River channel,3/11/20,2757.769992,784.7312986,100.8940241,2757.769992,784.7312986,100.8940241,2757.769992,784.7312986,100.8940241,13.6525,13.06,14.34
SACTIS,Sacramento River,River channel,3/12/20,NA,NA,NA,2495.277653,765.4334478,91.97736183,2757.769992,784.7312986,100.8940241,14.22958333,13.6,14.94
SACTIS,Sacramento River,River channel,3/13/20,NA,NA,NA,2232.785313,746.1355971,83.06069957,2757.769992,784.7312986,100.8940241,14.49708333,13.92,15.12
SACTIS,Sacramento River,River channel,3/14/20,NA,NA,NA,1970.292973,726.8377463,74.1440373,2757.769992,784.7312986,100.8940241,14.12625,13.8,14.6
SACTIS,Sacramento River,River channel,3/15/20,NA,NA,NA,1707.800634,707.5398956,65.22737503,2757.769992,784.7312986,100.8940241,13.233125,12.88,13.96
SACTIS,Sacramento River,River channel,3/16/20,1445.308294,688.2420449,56.31071276,1445.308294,688.2420449,56.31071276,1445.308294,688.2420449,56.31071276,12.5275,11.7,13.04
SACTIS,Sacramento River,River channel,3/17/20,NA,NA,NA,1445.308294,688.2420449,56.31071276,1445.308294,688.2420449,56.31071276,NA,NA,NA
SACTIS,Sacramento River,River channel,3/18/20,NA,NA,NA,1445.308294,688.2420449,56.31071276,1445.308294,688.2420449,56.31071276,NA,NA,NA
SACWL,Sacramento River,River channel,2/3/20,531.536931,46.31212864,2.105096756,531.536931,46.31212864,2.105096756,531.536931,46.31212864,2.105096756,NA,NA,NA
SACWL,Sacramento River,River channel,2/4/20,NA,NA,NA,506.6680727,48.34640472,2.555013131,531.536931,46.31212864,2.105096756,NA,NA,NA
SACWL,Sacramento River,River channel,2/5/20,NA,NA,NA,481.7992145,50.3806808,3.004929506,531.536931,46.31212864,2.105096756,NA,NA,NA
SACWL,Sacramento River,River channel,2/6/20,NA,NA,NA,456.9303562,52.41495688,3.454845881,531.536931,46.31212864,2.105096756,NA,NA,NA
SACWL,Sacramento River,River channel,2/7/20,NA,NA,NA,432.0614979,54.44923296,3.904762256,531.536931,46.31212864,2.105096756,NA,NA,NA
SACWL,Sacramento River,River channel,2/8/20,NA,NA,NA,407.1926396,56.48350904,4.354678631,531.536931,46.31212864,2.105096756,NA,NA,NA
SACWL,Sacramento River,River channel,2/9/20,NA,NA,NA,382.3237813,58.51778512,4.804595005,531.536931,46.31212864,2.105096756,NA,NA,NA
SACWL,Sacramento River,River channel,2/10/20,NA,NA,NA,357.4549231,60.5520612,5.25451138,531.536931,46.31212864,2.105096756,NA,NA,NA
SACWL,Sacramento River,River channel,2/11/20,NA,NA,NA,332.5860648,62.58633728,5.704427755,531.536931,46.31212864,2.105096756,NA,NA,NA
SACWL,Sacramento River,River channel,2/12/20,307.7172065,64.62061336,6.15434413,307.7172065,64.62061336,6.15434413,307.7172065,64.62061336,6.15434413,NA,NA,NA
SACWL,Sacramento River,River channel,2/13/20,NA,NA,NA,280.430087,57.18828581,5.754935749,307.7172065,64.62061336,6.15434413,11.23395833,10.94,11.64
SACWL,Sacramento River,River channel,2/14/20,NA,NA,NA,253.1429675,49.75595826,5.355527369,307.7172065,64.62061336,6.15434413,11.55604167,11.32,11.94
SACWL,Sacramento River,River channel,2/15/20,NA,NA,NA,225.855848,42.32363071,4.956118988,307.7172065,64.62061336,6.15434413,11.74791667,11.54,12.1
SACWL,Sacramento River,River channel,2/16/20,NA,NA,NA,198.5687285,34.89130316,4.556710608,307.7172065,64.62061336,6.15434413,12.0825,11.74,12.56
SACWL,Sacramento River,River channel,2/17/20,NA,NA,NA,171.281609,27.4589756,4.157302227,307.7172065,64.62061336,6.15434413,12.13083333,11.72,12.64
SACWL,Sacramento River,River channel,2/18/20,NA,NA,NA,143.9944895,20.02664805,3.757893847,307.7172065,64.62061336,6.15434413,11.86833333,11.54,12.5
SACWL,Sacramento River,River channel,2/19/20,116.70737,12.5943205,3.358485466,116.70737,12.5943205,3.358485466,116.70737,12.5943205,3.358485466,11.72520833,11.32,12.34
SACWL,Sacramento River,River channel,2/20/20,NA,NA,NA,243.2168764,49.89092287,2.878701828,116.70737,12.5943205,3.358485466,11.7325,11.46,12.34
SACWL,Sacramento River,River channel,2/21/20,NA,NA,NA,369.7263829,87.18752525,2.39891819,116.70737,12.5943205,3.358485466,11.73375,11.36,12.44
SACWL,Sacramento River,River channel,2/22/20,NA,NA,NA,496.2358893,124.4841276,1.919134552,116.70737,12.5943205,3.358485466,11.94625,11.46,12.82
SACWL,Sacramento River,River channel,2/23/20,NA,NA,NA,622.7453958,161.78073,1.439350914,116.70737,12.5943205,3.358485466,12.09083333,11.76,12.74
SACWL,Sacramento River,River channel,2/24/20,NA,NA,NA,749.2549023,199.0773324,0.959567276,116.70737,12.5943205,3.358485466,12.38104167,11.9,13.04
SACWL,Sacramento River,River channel,2/25/20,NA,NA,NA,875.7644087,236.3739347,0.479783638,116.70737,12.5943205,3.358485466,12.40375,12.08,12.72
SACWL,Sacramento River,River channel,2/26/20,1002.273915,273.6705371,0,1002.273915,273.6705371,0,1002.273915,273.6705371,0,12.58875,12.18,13.04
SACWL,Sacramento River,River channel,2/27/20,NA,NA,NA,1006.449089,293.5978531,2.457715205,1002.273915,273.6705371,0,12.86770833,12.42,13.34
SACWL,Sacramento River,River channel,2/28/20,NA,NA,NA,1010.624262,313.525169,4.91543041,1002.273915,273.6705371,0,13.22583333,12.96,13.66
SACWL,Sacramento River,River channel,2/29/20,NA,NA,NA,1014.799435,333.4524849,7.373145614,1002.273915,273.6705371,0,13.350625,13.08,13.86
SACWL,Sacramento River,River channel,3/1/20,NA,NA,NA,1018.974609,353.3798009,9.830860819,1002.273915,273.6705371,0,12.78625,12,13.16
SACWL,Sacramento River,River channel,3/2/20,NA,NA,NA,1023.149782,373.3071168,12.28857602,1002.273915,273.6705371,0,11.84520833,11.36,12.38
SACWL,Sacramento River,River channel,3/3/20,1027.324956,393.2344328,14.74629123,1027.324956,393.2344328,14.74629123,1027.324956,393.2344328,14.74629123,12.064375,11.54,12.68
SACWL,Sacramento River,River channel,3/4/20,NA,NA,NA,1010.492278,365.648429,13.78334362,1027.324956,393.2344328,14.74629123,12.746875,12.22,13.26
SACWL,Sacramento River,River channel,3/5/20,NA,NA,NA,993.6596002,338.0624253,12.820396,1027.324956,393.2344328,14.74629123,13.44604167,12.96,13.9
SACWL,Sacramento River,River channel,3/6/20,NA,NA,NA,976.8269224,310.4764216,11.85744839,1027.324956,393.2344328,14.74629123,13.80270833,13.52,14.04
SACWL,Sacramento River,River channel,3/7/20,NA,NA,NA,959.9942447,282.8904179,10.89450078,1027.324956,393.2344328,14.74629123,13.48854167,13.24,13.82
SACWL,Sacramento River,River channel,3/8/20,NA,NA,NA,943.161567,255.3044142,9.931553164,1027.324956,393.2344328,14.74629123,12.86520833,12.62,13.3
SACWL,Sacramento River,River channel,3/9/20,NA,NA,NA,926.3288893,227.7184104,8.968605552,1027.324956,393.2344328,14.74629123,12.623125,12.18,13.04
SACWL,Sacramento River,River channel,3/10/20,NA,NA,NA,909.4962115,200.1324067,8.005657939,1027.324956,393.2344328,14.74629123,13.18395833,12.58,13.84
SACWL,Sacramento River,River channel,3/11/20,892.6635338,172.546403,7.042710326,892.6635338,172.546403,7.042710326,892.6635338,172.546403,7.042710326,13.73916667,13.16,14.38
SACWL,Sacramento River,River channel,3/12/20,NA,NA,NA,917.8555913,172.9322315,11.04367178,892.6635338,172.546403,7.042710326,14.30416667,13.78,14.94
SACWL,Sacramento River,River channel,3/13/20,NA,NA,NA,943.0476488,173.31806,15.04463324,892.6635338,172.546403,7.042710326,14.444375,13.98,15.14
SACWL,Sacramento River,River channel,3/14/20,NA,NA,NA,968.2397063,173.7038886,19.0455947,892.6635338,172.546403,7.042710326,13.87625,13.1,14.42
SACWL,Sacramento River,River channel,3/15/20,NA,NA,NA,993.4317638,174.0897171,23.04655616,892.6635338,172.546403,7.042710326,12.82395833,12.24,13.12
SACWL,Sacramento River,River channel,3/16/20,NA,NA,NA,1018.623821,174.4755456,27.04751762,892.6635338,172.546403,7.042710326,12.11645833,11.58,12.38
SACWL,Sacramento River,River channel,3/17/20,NA,NA,NA,1043.815879,174.8613742,31.04847908,892.6635338,172.546403,7.042710326,11.17479167,10.66,11.58
SACWL,Sacramento River,River channel,3/18/20,1069.007936,175.2472027,35.04944054,1069.007936,175.2472027,35.04944054,1069.007936,175.2472027,35.04944054,10.58545455,10.52,10.66
SBBF,Upper Bypass,Canal channel,2/3/20,5053.632732,3351.071972,216.1981917,5053.632732,3351.071972,216.1981917,5053.632732,3351.071972,216.1981917,NA,NA,NA
SBBF,Upper Bypass,Canal channel,2/4/20,NA,NA,NA,4972.534349,3325.567823,217.9546096,5053.632732,3351.071972,216.1981917,NA,NA,NA
SBBF,Upper Bypass,Canal channel,2/5/20,NA,NA,NA,4891.435967,3300.063673,219.7110274,5053.632732,3351.071972,216.1981917,NA,NA,NA
SBBF,Upper Bypass,Canal channel,2/6/20,NA,NA,NA,4810.337584,3274.559524,221.4674452,5053.632732,3351.071972,216.1981917,NA,NA,NA
SBBF,Upper Bypass,Canal channel,2/7/20,NA,NA,NA,4729.239202,3249.055375,223.223863,5053.632732,3351.071972,216.1981917,NA,NA,NA
SBBF,Upper Bypass,Canal channel,2/8/20,NA,NA,NA,4648.14082,3223.551226,224.9802808,5053.632732,3351.071972,216.1981917,NA,NA,NA
SBBF,Upper Bypass,Canal channel,2/9/20,NA,NA,NA,4567.042437,3198.047076,226.7366987,5053.632732,3351.071972,216.1981917,NA,NA,NA
SBBF,Upper Bypass,Canal channel,2/10/20,NA,NA,NA,4485.944055,3172.542927,228.4931165,5053.632732,3351.071972,216.1981917,NA,NA,NA
SBBF,Upper Bypass,Canal channel,2/11/20,NA,NA,NA,4404.845672,3147.038778,230.2495343,5053.632732,3351.071972,216.1981917,NA,NA,NA
SBBF,Upper Bypass,Canal channel,2/12/20,4323.74729,3121.534629,232.0059521,4323.74729,3121.534629,232.0059521,4323.74729,3121.534629,232.0059521,NA,NA,NA
SBBF,Upper Bypass,Canal channel,2/13/20,NA,NA,NA,3967.105355,2881.878228,212.6849382,4323.74729,3121.534629,232.0059521,11.96742857,11.82,12.04
SBBF,Upper Bypass,Canal channel,2/14/20,NA,NA,NA,3610.463421,2642.221828,193.3639242,4323.74729,3121.534629,232.0059521,12.02729167,11.62,12.54
SBBF,Upper Bypass,Canal channel,2/15/20,NA,NA,NA,3253.821486,2402.565427,174.0429102,4323.74729,3121.534629,232.0059521,12.32479167,11.7,12.88
SBBF,Upper Bypass,Canal channel,2/16/20,NA,NA,NA,2897.179551,2162.909026,154.7218962,4323.74729,3121.534629,232.0059521,12.798125,12.28,13.34
SBBF,Upper Bypass,Canal channel,2/17/20,NA,NA,NA,2540.537616,1923.252626,135.4008822,4323.74729,3121.534629,232.0059521,12.99104167,12.28,13.6
SBBF,Upper Bypass,Canal channel,2/18/20,NA,NA,NA,2183.895682,1683.596225,116.0798682,4323.74729,3121.534629,232.0059521,13.07479167,12.38,13.76
SBBF,Upper Bypass,Canal channel,2/19/20,1827.253747,1443.939825,96.75885422,1827.253747,1443.939825,96.75885422,1827.253747,1443.939825,96.75885422,12.76229167,12.18,13.2
SBBF,Upper Bypass,Canal channel,2/20/20,NA,NA,NA,2102.775533,1655.474292,131.3143443,1827.253747,1443.939825,96.75885422,12.63458333,11.98,13.16
SBBF,Upper Bypass,Canal channel,2/21/20,NA,NA,NA,2378.297318,1867.008759,165.8698343,1827.253747,1443.939825,96.75885422,12.97791667,12.38,13.54
SBBF,Upper Bypass,Canal channel,2/22/20,NA,NA,NA,2653.819104,2078.543226,200.4253244,1827.253747,1443.939825,96.75885422,13.291875,12.54,13.92
SBBF,Upper Bypass,Canal channel,2/23/20,NA,NA,NA,2929.34089,2290.077693,234.9808144,1827.253747,1443.939825,96.75885422,13.67125,13.02,14.28
SBBF,Upper Bypass,Canal channel,2/24/20,NA,NA,NA,3204.862675,2501.61216,269.5363044,1827.253747,1443.939825,96.75885422,14.00854167,13.56,14.64
SBBF,Upper Bypass,Canal channel,2/25/20,NA,NA,NA,3480.384461,2713.146627,304.0917945,1827.253747,1443.939825,96.75885422,14.02854167,13.2,14.82
SBBF,Upper Bypass,Canal channel,2/26/20,3755.906247,2924.681094,338.6472845,3755.906247,2924.681094,338.6472845,3755.906247,2924.681094,338.6472845,14.52833333,13.8,15.22
SBBF,Upper Bypass,Canal channel,2/27/20,NA,NA,NA,4456.1771,3429.042502,383.693427,3755.906247,2924.681094,338.6472845,14.78895833,14.02,15.42
SBBF,Upper Bypass,Canal channel,2/28/20,NA,NA,NA,5156.447953,3933.40391,428.7395695,3755.906247,2924.681094,338.6472845,15.25770833,14.56,15.74
SBBF,Upper Bypass,Canal channel,2/29/20,NA,NA,NA,5856.718807,4437.765319,473.785712,3755.906247,2924.681094,338.6472845,15.7975,15.36,16.24
SBBF,Upper Bypass,Canal channel,3/1/20,NA,NA,NA,6556.98966,4942.126727,518.8318544,3755.906247,2924.681094,338.6472845,15.38375,14.56,15.9
SBBF,Upper Bypass,Canal channel,3/2/20,NA,NA,NA,7257.260514,5446.488136,563.8779969,3755.906247,2924.681094,338.6472845,14.43958333,13.24,16.56
SBBF,Upper Bypass,Canal channel,3/3/20,7957.531367,5950.849544,608.9241394,7957.531367,5950.849544,608.9241394,7957.531367,5950.849544,608.9241394,13.489375,12.62,13.88
SBBF,Upper Bypass,Canal channel,3/4/20,NA,NA,NA,7872.747168,5947.433612,553.6660941,7957.531367,5950.849544,608.9241394,13.849375,12.98,14.54
SBBF,Upper Bypass,Canal channel,3/5/20,NA,NA,NA,7787.96297,5944.01768,498.4080488,7957.531367,5950.849544,608.9241394,15.03604167,14.36,15.8
SBBF,Upper Bypass,Canal channel,3/6/20,NA,NA,NA,7703.178771,5940.601748,443.1500035,7957.531367,5950.849544,608.9241394,15.65208333,15.18,16.2
SBBF,Upper Bypass,Canal channel,3/7/20,NA,NA,NA,7618.394572,5937.185816,387.8919583,7957.531367,5950.849544,608.9241394,15.403125,14.92,15.72
SBBF,Upper Bypass,Canal channel,3/8/20,NA,NA,NA,7533.610374,5933.769884,332.633913,7957.531367,5950.849544,608.9241394,13.4275,7.78,15.2
SBBF,Upper Bypass,Canal channel,3/9/20,NA,NA,NA,7448.826175,5930.353952,277.3758677,7957.531367,5950.849544,608.9241394,13.695,8.06,21.46
SBBF,Upper Bypass,Canal channel,3/10/20,NA,NA,NA,7364.041976,5926.93802,222.1178224,7957.531367,5950.849544,608.9241394,14.49541667,13.54,15.2
SBBF,Upper Bypass,Canal channel,3/11/20,7279.257778,5923.522088,166.8597771,7279.257778,5923.522088,166.8597771,7279.257778,5923.522088,166.8597771,15.406875,14.6,16.16
SBBF,Upper Bypass,Canal channel,3/12/20,NA,NA,NA,7046.747271,5767.306189,147.1055155,7279.257778,5923.522088,166.8597771,16.09625,15.4,16.66
SBBF,Upper Bypass,Canal channel,3/13/20,NA,NA,NA,6814.236764,5611.090291,127.3512538,7279.257778,5923.522088,166.8597771,16.53979167,15.86,17.32
SBBF,Upper Bypass,Canal channel,3/14/20,NA,NA,NA,6581.726257,5454.874392,107.5969922,7279.257778,5923.522088,166.8597771,16.036875,15.48,16.5
SBBF,Upper Bypass,Canal channel,3/15/20,NA,NA,NA,6349.215751,5298.658493,87.84273051,7279.257778,5923.522088,166.8597771,15.036875,14.16,15.46
SBBF,Upper Bypass,Canal channel,3/16/20,NA,NA,NA,6116.705244,5142.442594,68.08846885,7279.257778,5923.522088,166.8597771,13.63104167,13.02,14.12
SBBF,Upper Bypass,Canal channel,3/17/20,NA,NA,NA,5884.194737,4986.226695,48.3342072,7279.257778,5923.522088,166.8597771,12.62875,12.06,13.02
SBBF,Upper Bypass,Canal channel,3/18/20,5651.684231,4830.010796,28.57994554,5651.684231,4830.010796,28.57994554,5651.684231,4830.010796,28.57994554,11.6125,7.74,12.04
SBLF,Lower Bypass,Canal channel,2/3/20,1644.765323,1094.548659,182.4247765,1644.765323,1094.548659,182.4247765,1644.765323,1094.548659,182.4247765,NA,NA,NA
SBLF,Lower Bypass,Canal channel,2/4/20,NA,NA,NA,2279.203926,1434.9826,289.9565475,1644.765323,1094.548659,182.4247765,NA,NA,NA
SBLF,Lower Bypass,Canal channel,2/5/20,NA,NA,NA,2913.642529,1775.416541,397.4883185,1644.765323,1094.548659,182.4247765,NA,NA,NA
SBLF,Lower Bypass,Canal channel,2/6/20,NA,NA,NA,3548.081132,2115.850481,505.0200896,1644.765323,1094.548659,182.4247765,NA,NA,NA
SBLF,Lower Bypass,Canal channel,2/7/20,NA,NA,NA,4182.519735,2456.284422,612.5518606,1644.765323,1094.548659,182.4247765,NA,NA,NA
SBLF,Lower Bypass,Canal channel,2/8/20,NA,NA,NA,4816.958338,2796.718363,720.0836317,1644.765323,1094.548659,182.4247765,NA,NA,NA
SBLF,Lower Bypass,Canal channel,2/9/20,NA,NA,NA,5451.396941,3137.152304,827.6154027,1644.765323,1094.548659,182.4247765,NA,NA,NA
SBLF,Lower Bypass,Canal channel,2/10/20,NA,NA,NA,6085.835544,3477.586245,935.1471738,1644.765323,1094.548659,182.4247765,NA,NA,NA
SBLF,Lower Bypass,Canal channel,2/11/20,NA,NA,NA,6720.274147,3818.020186,1042.678945,1644.765323,1094.548659,182.4247765,NA,NA,NA
SBLF,Lower Bypass,Canal channel,2/12/20,7354.71275,4158.454126,1150.210716,7354.71275,4158.454126,1150.210716,7354.71275,4158.454126,1150.210716,NA,NA,NA
SBLF,Lower Bypass,Canal channel,2/13/20,NA,NA,NA,6682.574941,3805.612816,997.0282946,7354.71275,4158.454126,1150.210716,11.26166667,10.34,12.34
SBLF,Lower Bypass,Canal channel,2/14/20,NA,NA,NA,6010.437131,3452.771506,843.8458733,7354.71275,4158.454126,1150.210716,11.50875,10.48,12.56
SBLF,Lower Bypass,Canal channel,2/15/20,NA,NA,NA,5338.299321,3099.930195,690.6634521,7354.71275,4158.454126,1150.210716,11.79604167,10.84,12.84
SBLF,Lower Bypass,Canal channel,2/16/20,NA,NA,NA,4666.161511,2747.088885,537.4810309,7354.71275,4158.454126,1150.210716,12.59645833,11.6,13.86
SBLF,Lower Bypass,Canal channel,2/17/20,NA,NA,NA,3994.023701,2394.247575,384.2986096,7354.71275,4158.454126,1150.210716,12.13041667,11,13.46
SBLF,Lower Bypass,Canal channel,2/18/20,NA,NA,NA,3321.885892,2041.406264,231.1161884,7354.71275,4158.454126,1150.210716,12.04229167,10.98,13.64
SBLF,Lower Bypass,Canal channel,2/19/20,2649.748082,1688.564954,77.93376712,2649.748082,1688.564954,77.93376712,2649.748082,1688.564954,77.93376712,12.28375,10.92,13.96
SBLF,Lower Bypass,Canal channel,2/20/20,NA,NA,NA,2448.63308,1554.129994,71.84550276,2649.748082,1688.564954,77.93376712,12.69625,11.4,14.42
SBLF,Lower Bypass,Canal channel,2/21/20,NA,NA,NA,2247.518078,1419.695034,65.7572384,2649.748082,1688.564954,77.93376712,13.03458333,11.48,15.18
SBLF,Lower Bypass,Canal channel,2/22/20,NA,NA,NA,2046.403076,1285.260074,59.66897404,2649.748082,1688.564954,77.93376712,13.111875,11.74,14.7
SBLF,Lower Bypass,Canal channel,2/23/20,NA,NA,NA,1845.288074,1150.825115,53.58070968,2649.748082,1688.564954,77.93376712,13.29895833,12.18,15.08
SBLF,Lower Bypass,Canal channel,2/24/20,NA,NA,NA,1644.173071,1016.390155,47.49244532,2649.748082,1688.564954,77.93376712,13.01083333,11.62,14.82
SBLF,Lower Bypass,Canal channel,2/25/20,NA,NA,NA,1443.058069,881.9551947,41.40418096,2649.748082,1688.564954,77.93376712,13.15291667,11.54,14.94
SBLF,Lower Bypass,Canal channel,2/26/20,1241.943067,747.5202348,35.31591661,1241.943067,747.5202348,35.31591661,1241.943067,747.5202348,35.31591661,13.93479167,12.64,15.42
SBLF,Lower Bypass,Canal channel,2/27/20,NA,NA,NA,1322.98933,748.4880204,46.97063151,1241.943067,747.5202348,35.31591661,14.35229167,12.64,16.26
SBLF,Lower Bypass,Canal channel,2/28/20,NA,NA,NA,1404.035594,749.455806,58.62534641,1241.943067,747.5202348,35.31591661,14.90416667,13.38,16.52
SBLF,Lower Bypass,Canal channel,2/29/20,NA,NA,NA,1485.081857,750.4235916,70.28006131,1241.943067,747.5202348,35.31591661,15.21645833,13.86,16.56
SBLF,Lower Bypass,Canal channel,3/1/20,NA,NA,NA,1566.12812,751.3913772,81.93477622,1241.943067,747.5202348,35.31591661,14.59208333,13.64,15.78
SBLF,Lower Bypass,Canal channel,3/2/20,NA,NA,NA,1647.174383,752.3591628,93.58949112,1241.943067,747.5202348,35.31591661,13.43,11.86,15.22
SBLF,Lower Bypass,Canal channel,3/3/20,1728.220646,753.3269484,105.244206,1728.220646,753.3269484,105.244206,1728.220646,753.3269484,105.244206,14.1175,12.52,16.32
SBLF,Lower Bypass,Canal channel,3/4/20,NA,NA,NA,1648.832029,740.5371734,101.1979445,1728.220646,753.3269484,105.244206,14.99854167,13.6,16.62
SBLF,Lower Bypass,Canal channel,3/5/20,NA,NA,NA,1569.443411,727.7473984,97.15168292,1728.220646,753.3269484,105.244206,15.36041667,14,17.18
SBLF,Lower Bypass,Canal channel,3/6/20,NA,NA,NA,1490.054793,714.9576234,93.10542138,1728.220646,753.3269484,105.244206,15.184375,14.1,16.36
SBLF,Lower Bypass,Canal channel,3/7/20,NA,NA,NA,1410.666175,702.1678484,89.05915983,1728.220646,753.3269484,105.244206,14.57,13.58,15.92
SBLF,Lower Bypass,Canal channel,3/8/20,NA,NA,NA,1331.277558,689.3780734,85.01289828,1728.220646,753.3269484,105.244206,13.96125,12.84,15.3
SBLF,Lower Bypass,Canal channel,3/9/20,NA,NA,NA,1251.88894,676.5882984,80.96663673,1728.220646,753.3269484,105.244206,14.51166667,13.2,16.16
SBLF,Lower Bypass,Canal channel,3/10/20,NA,NA,NA,1172.500322,663.7985234,76.92037518,1728.220646,753.3269484,105.244206,14.90020833,12.9,18
SBLF,Lower Bypass,Canal channel,3/11/20,1093.111704,651.0087484,72.87411363,1093.111704,651.0087484,72.87411363,1093.111704,651.0087484,72.87411363,15.75645833,13.72,18.4
SBLF,Lower Bypass,Canal channel,3/12/20,NA,NA,NA,1539.639713,823.6818461,76.44626034,1093.111704,651.0087484,72.87411363,16.1825,14.12,19.16
SBLF,Lower Bypass,Canal channel,3/13/20,NA,NA,NA,1986.167721,996.3549438,80.01840704,1093.111704,651.0087484,72.87411363,15.7375,14.42,17.98
SBLF,Lower Bypass,Canal channel,3/14/20,NA,NA,NA,2432.69573,1169.028042,83.59055375,1093.111704,651.0087484,72.87411363,14.32458333,13.34,15.18
SBLF,Lower Bypass,Canal channel,3/15/20,NA,NA,NA,2879.223738,1341.701139,87.16270045,1093.111704,651.0087484,72.87411363,13.39041667,12.62,14.32
SBLF,Lower Bypass,Canal channel,3/16/20,NA,NA,NA,3325.751746,1514.374237,90.73484716,1093.111704,651.0087484,72.87411363,12.72041667,12.18,13.28
SBLF,Lower Bypass,Canal channel,3/17/20,3772.279755,1687.047335,94.30699386,3772.279755,1687.047335,94.30699386,3772.279755,1687.047335,94.30699386,12.44538462,12.06,13.2
SBLF,Lower Bypass,Canal channel,3/18/20,NA,NA,NA,3772.279755,1687.047335,94.30699386,3772.279755,1687.047335,94.30699386,NA,NA,NA
SBSNWR,Upper Bypass,Wetland,2/3/20,6763.749142,6351.511609,3908.622529,6763.749142,6351.511609,3908.622529,6763.749142,6351.511609,3908.622529,NA,NA,NA
SBSNWR,Upper Bypass,Wetland,2/4/20,NA,NA,NA,6101.874027,5713.835587,3483.857785,6763.749142,6351.511609,3908.622529,NA,NA,NA
SBSNWR,Upper Bypass,Wetland,2/5/20,NA,NA,NA,5439.998912,5076.159564,3059.093042,6763.749142,6351.511609,3908.622529,NA,NA,NA
SBSNWR,Upper Bypass,Wetland,2/6/20,NA,NA,NA,4778.123796,4438.483541,2634.328298,6763.749142,6351.511609,3908.622529,NA,NA,NA
SBSNWR,Upper Bypass,Wetland,2/7/20,NA,NA,NA,4116.248681,3800.807518,2209.563555,6763.749142,6351.511609,3908.622529,NA,NA,NA
SBSNWR,Upper Bypass,Wetland,2/8/20,NA,NA,NA,3454.373566,3163.131496,1784.798811,6763.749142,6351.511609,3908.622529,NA,NA,NA
SBSNWR,Upper Bypass,Wetland,2/9/20,NA,NA,NA,2792.498451,2525.455473,1360.034067,6763.749142,6351.511609,3908.622529,NA,NA,NA
SBSNWR,Upper Bypass,Wetland,2/10/20,NA,NA,NA,2130.623336,1887.77945,935.2693238,6763.749142,6351.511609,3908.622529,NA,NA,NA
SBSNWR,Upper Bypass,Wetland,2/11/20,NA,NA,NA,1468.748221,1250.103427,510.5045802,6763.749142,6351.511609,3908.622529,NA,NA,NA
SBSNWR,Upper Bypass,Wetland,2/12/20,806.8731054,612.4274044,85.73983662,806.8731054,612.4274044,85.73983662,806.8731054,612.4274044,85.73983662,NA,NA,NA
SBSNWR,Upper Bypass,Wetland,2/13/20,NA,NA,NA,8062.263262,7653.36733,6417.562898,806.8731054,612.4274044,85.73983662,11.07,7.94,14.86
SBSNWR,Upper Bypass,Wetland,2/14/20,NA,NA,NA,15317.65342,14694.30725,12749.38596,806.8731054,612.4274044,85.73983662,11.33416667,7.98,15.36
SBSNWR,Upper Bypass,Wetland,2/15/20,NA,NA,NA,22573.04358,21735.24718,19081.20902,806.8731054,612.4274044,85.73983662,11.66395833,8.6,15.28
SBSNWR,Upper Bypass,Wetland,2/16/20,NA,NA,NA,29828.43373,28776.18711,25413.03208,806.8731054,612.4274044,85.73983662,12.79333333,10.46,16.4
SBSNWR,Upper Bypass,Wetland,2/17/20,NA,NA,NA,37083.82389,35817.12703,31744.85515,806.8731054,612.4274044,85.73983662,12.22645833,9.34,15.76
SBSNWR,Upper Bypass,Wetland,2/18/20,NA,NA,NA,44339.21405,42858.06696,38076.67821,806.8731054,612.4274044,85.73983662,11.76395833,7.78,16.34
SBSNWR,Upper Bypass,Wetland,2/19/20,51594.6042,49899.00688,44408.50127,51594.6042,49899.00688,44408.50127,51594.6042,49899.00688,44408.50127,12.05583333,8.62,15.96
SBSNWR,Upper Bypass,Wetland,2/20/20,NA,NA,NA,45618.39262,44061.61512,39170.58583,51594.6042,49899.00688,44408.50127,12.4925,9.18,16.3
SBSNWR,Upper Bypass,Wetland,2/21/20,NA,NA,NA,39642.18104,38224.22337,33932.67039,51594.6042,49899.00688,44408.50127,12.81958333,9.42,16.46
SBSNWR,Upper Bypass,Wetland,2/22/20,NA,NA,NA,33665.96947,32386.83161,28694.75495,51594.6042,49899.00688,44408.50127,13.37395833,11.18,16.84
SBSNWR,Upper Bypass,Wetland,2/23/20,NA,NA,NA,27689.75789,26549.43985,23456.83951,51594.6042,49899.00688,44408.50127,13.35416667,11.66,16.24
SBSNWR,Upper Bypass,Wetland,2/24/20,NA,NA,NA,21713.54631,20712.04809,18218.92407,51594.6042,49899.00688,44408.50127,13.67125,11.56,17.04
SBSNWR,Upper Bypass,Wetland,2/25/20,NA,NA,NA,15737.33473,14874.65634,12981.00863,51594.6042,49899.00688,44408.50127,14.0425,11.24,17.52
SBSNWR,Upper Bypass,Wetland,2/26/20,9761.12315,9037.264579,7743.093196,9761.12315,9037.264579,7743.093196,9761.12315,9037.264579,7743.093196,14.59291667,12.06,18.72
SBSNWR,Upper Bypass,Wetland,2/27/20,NA,NA,NA,16676.33296,15365.46624,12234.24239,9761.12315,9037.264579,7743.093196,15.94916667,12.14,20.02
SBSNWR,Upper Bypass,Wetland,2/28/20,NA,NA,NA,23591.54278,21693.6679,16725.39158,9761.12315,9037.264579,7743.093196,16.1375,12.56,19.82
SBSNWR,Upper Bypass,Wetland,2/29/20,NA,NA,NA,30506.75259,28021.86956,21216.54077,9761.12315,9037.264579,7743.093196,15.78645833,12.9,18.9
SBSNWR,Upper Bypass,Wetland,3/1/20,NA,NA,NA,37421.96241,34350.07122,25707.68996,9761.12315,9037.264579,7743.093196,13.43479167,10.88,15.28
SBSNWR,Upper Bypass,Wetland,3/2/20,NA,NA,NA,44337.17222,40678.27288,30198.83915,9761.12315,9037.264579,7743.093196,13.05645833,8.72,16.82
SBSNWR,Upper Bypass,Wetland,3/3/20,NA,NA,NA,51252.38204,47006.47455,34689.98835,9761.12315,9037.264579,7743.093196,15.39625,11.74,19.52
SBSNWR,Upper Bypass,Wetland,3/4/20,58167.59185,53334.67621,39181.13754,58167.59185,53334.67621,39181.13754,58167.59185,53334.67621,39181.13754,15.98958333,12.26,19.76
SBSNWR,Upper Bypass,Wetland,3/5/20,NA,NA,NA,50104.05491,45939.08167,33708.81022,58167.59185,53334.67621,39181.13754,16.1375,12.1,20.34
SBSNWR,Upper Bypass,Wetland,3/6/20,NA,NA,NA,42040.51797,38543.48713,28236.4829,58167.59185,53334.67621,39181.13754,14.786875,12.04,18.42
SBSNWR,Upper Bypass,Wetland,3/7/20,NA,NA,NA,33976.98103,31147.89259,22764.15558,58167.59185,53334.67621,39181.13754,12.85770833,10.32,16.38
SBSNWR,Upper Bypass,Wetland,3/8/20,NA,NA,NA,25913.4441,23752.29805,17291.82826,58167.59185,53334.67621,39181.13754,13.5875,9.72,16.98
SBSNWR,Upper Bypass,Wetland,3/9/20,NA,NA,NA,17849.90716,16356.70351,11819.50094,58167.59185,53334.67621,39181.13754,15.399375,12.12,19.86
SBSNWR,Upper Bypass,Wetland,3/10/20,NA,NA,NA,9786.370218,8961.108968,6347.173618,58167.59185,53334.67621,39181.13754,15.98854167,10.94,20.24
SBSNWR,Upper Bypass,Wetland,3/11/20,1722.83328,1565.514428,874.846298,1722.83328,1565.514428,874.846298,1722.83328,1565.514428,874.846298,16.27729167,12.4,22.28
SBSNWR,Upper Bypass,Wetland,3/12/20,NA,NA,NA,3203.932714,2901.232484,773.8041086,1722.83328,1565.514428,874.846298,16.49833333,13.02,20.22
SBSNWR,Upper Bypass,Wetland,3/13/20,NA,NA,NA,4685.032148,4236.950541,672.7619192,1722.83328,1565.514428,874.846298,15.88875,11.64,22.92
SBSNWR,Upper Bypass,Wetland,3/14/20,NA,NA,NA,6166.131583,5572.668597,571.7197298,1722.83328,1565.514428,874.846298,11.84791667,9.88,14.26
SBSNWR,Upper Bypass,Wetland,3/15/20,NA,NA,NA,7647.231017,6908.386653,470.6775404,1722.83328,1565.514428,874.846298,10.35854167,8.26,12.52
SBSNWR,Upper Bypass,Wetland,3/16/20,NA,NA,NA,9128.330451,8244.10471,369.6353511,1722.83328,1565.514428,874.846298,10.08895833,7.22,13.08
SBSNWR,Upper Bypass,Wetland,3/17/20,10609.42989,9579.822766,268.5931617,10609.42989,9579.822766,268.5931617,10609.42989,9579.822766,268.5931617,11.08318182,10.54,11.84
SBSNWR,Upper Bypass,Wetland,3/18/20,NA,NA,NA,10609.42989,9579.822766,268.5931617,10609.42989,9579.822766,268.5931617,NA,NA,NA
SBSNWRC,Upper Bypass,Canal channel,2/3/20,4001.607211,3287.752658,60.32573684,4001.607211,3287.752658,60.32573684,4001.607211,3287.752658,60.32573684,NA,NA,NA
SBSNWRC,Upper Bypass,Canal channel,2/4/20,NA,NA,NA,3921.728898,3203.989384,59.50585641,4001.607211,3287.752658,60.32573684,NA,NA,NA
SBSNWRC,Upper Bypass,Canal channel,2/5/20,NA,NA,NA,3841.850586,3120.226109,58.68597597,4001.607211,3287.752658,60.32573684,NA,NA,NA
SBSNWRC,Upper Bypass,Canal channel,2/6/20,NA,NA,NA,3761.972274,3036.462835,57.86609553,4001.607211,3287.752658,60.32573684,NA,NA,NA
SBSNWRC,Upper Bypass,Canal channel,2/7/20,NA,NA,NA,3682.093961,2952.699561,57.04621509,4001.607211,3287.752658,60.32573684,NA,NA,NA
SBSNWRC,Upper Bypass,Canal channel,2/8/20,NA,NA,NA,3602.215649,2868.936286,56.22633465,4001.607211,3287.752658,60.32573684,NA,NA,NA
SBSNWRC,Upper Bypass,Canal channel,2/9/20,NA,NA,NA,3522.337337,2785.173012,55.40645422,4001.607211,3287.752658,60.32573684,NA,NA,NA
SBSNWRC,Upper Bypass,Canal channel,2/10/20,NA,NA,NA,3442.459025,2701.409738,54.58657378,4001.607211,3287.752658,60.32573684,NA,NA,NA
SBSNWRC,Upper Bypass,Canal channel,2/11/20,NA,NA,NA,3362.580712,2617.646463,53.76669334,4001.607211,3287.752658,60.32573684,NA,NA,NA
SBSNWRC,Upper Bypass,Canal channel,2/12/20,3282.7024,2533.883189,52.9468129,3282.7024,2533.883189,52.9468129,3282.7024,2533.883189,52.9468129,NA,NA,NA
SBSNWRC,Upper Bypass,Canal channel,2/13/20,NA,NA,NA,3891.928983,3093.143033,46.95239161,3282.7024,2533.883189,52.9468129,11.10854167,10.74,12.08
SBSNWRC,Upper Bypass,Canal channel,2/14/20,NA,NA,NA,4501.155566,3652.402876,40.95797032,3282.7024,2533.883189,52.9468129,11.91,11.18,13.46
SBSNWRC,Upper Bypass,Canal channel,2/15/20,NA,NA,NA,5110.382149,4211.66272,34.96354903,3282.7024,2533.883189,52.9468129,12.27208333,11.7,13.58
SBSNWRC,Upper Bypass,Canal channel,2/16/20,NA,NA,NA,5719.608732,4770.922563,28.96912774,3282.7024,2533.883189,52.9468129,12.98125,12.34,15.1
SBSNWRC,Upper Bypass,Canal channel,2/17/20,NA,NA,NA,6328.835316,5330.182407,22.97470645,3282.7024,2533.883189,52.9468129,12.83375,12.6,13.08
SBSNWRC,Upper Bypass,Canal channel,2/18/20,NA,NA,NA,6938.061899,5889.442251,16.98028516,3282.7024,2533.883189,52.9468129,12.61,12.08,13.94
SBSNWRC,Upper Bypass,Canal channel,2/19/20,7547.288482,6448.702094,10.98586387,7547.288482,6448.702094,10.98586387,7547.288482,6448.702094,10.98586387,12.79416667,12.04,14.84
SBSNWRC,Upper Bypass,Canal channel,2/20/20,NA,NA,NA,7773.836319,6668.262989,16.1073876,7547.288482,6448.702094,10.98586387,13.108125,12.44,15.2
SBSNWRC,Upper Bypass,Canal channel,2/21/20,NA,NA,NA,8000.384157,6887.823884,21.22891133,7547.288482,6448.702094,10.98586387,12.96166667,12.4,13.8
SBSNWRC,Upper Bypass,Canal channel,2/22/20,NA,NA,NA,8226.931994,7107.38478,26.35043506,7547.288482,6448.702094,10.98586387,13.3375,12.44,15.22
SBSNWRC,Upper Bypass,Canal channel,2/23/20,NA,NA,NA,8453.479832,7326.945675,31.47195879,7547.288482,6448.702094,10.98586387,13.34,12.84,14.14
SBSNWRC,Upper Bypass,Canal channel,2/24/20,NA,NA,NA,8680.027669,7546.50657,36.59348251,7547.288482,6448.702094,10.98586387,13.57,13.2,14.14
SBSNWRC,Upper Bypass,Canal channel,2/25/20,NA,NA,NA,8906.575507,7766.067465,41.71500624,7547.288482,6448.702094,10.98586387,13.705,13.2,14.6
SBSNWRC,Upper Bypass,Canal channel,2/26/20,9133.123344,7985.62836,46.83652997,9133.123344,7985.62836,46.83652997,9133.123344,7985.62836,46.83652997,14.29479167,13.42,15.84
SBSNWRC,Upper Bypass,Canal channel,2/27/20,NA,NA,NA,9487.349201,7940.741861,65.2813208,9133.123344,7985.62836,46.83652997,14.745625,13.66,16.98
SBSNWRC,Upper Bypass,Canal channel,2/28/20,NA,NA,NA,9841.575058,7895.855362,83.72611163,9133.123344,7985.62836,46.83652997,14.863125,14.24,16.08
SBSNWRC,Upper Bypass,Canal channel,2/29/20,NA,NA,NA,10195.80091,7850.968864,102.1709025,9133.123344,7985.62836,46.83652997,15.16020833,14.7,16.06
SBSNWRC,Upper Bypass,Canal channel,3/1/20,NA,NA,NA,10550.02677,7806.082365,120.6156933,9133.123344,7985.62836,46.83652997,15.0325,14.62,15.3
SBSNWRC,Upper Bypass,Canal channel,3/2/20,NA,NA,NA,10904.25263,7761.195866,139.0604841,9133.123344,7985.62836,46.83652997,13.92125,13.6,14.6
SBSNWRC,Upper Bypass,Canal channel,3/3/20,NA,NA,NA,11258.47849,7716.309367,157.505275,9133.123344,7985.62836,46.83652997,14.071875,13.4,15.56
SBSNWRC,Upper Bypass,Canal channel,3/4/20,11612.70434,7671.422869,175.9500658,11612.70434,7671.422869,175.9500658,11612.70434,7671.422869,175.9500658,14.5875,13.84,15.62
SBSNWRC,Upper Bypass,Canal channel,3/5/20,NA,NA,NA,12420.6576,8260.071152,157.1235775,11612.70434,7671.422869,175.9500658,14.38770833,13.82,15.08
SBSNWRC,Upper Bypass,Canal channel,3/6/20,NA,NA,NA,13228.61085,8848.719436,138.2970891,11612.70434,7671.422869,175.9500658,14.77520833,14.38,15.34
SBSNWRC,Upper Bypass,Canal channel,3/7/20,NA,NA,NA,14036.56411,9437.367719,119.4706008,11612.70434,7671.422869,175.9500658,14.83416667,14.64,15
SBSNWRC,Upper Bypass,Canal channel,3/8/20,NA,NA,NA,14844.51736,10026.016,100.6441124,11612.70434,7671.422869,175.9500658,14.836875,14.52,15.56
SBSNWRC,Upper Bypass,Canal channel,3/9/20,NA,NA,NA,15652.47062,10614.66429,81.81762408,11612.70434,7671.422869,175.9500658,15.03916667,14.4,16.34
SBSNWRC,Upper Bypass,Canal channel,3/10/20,NA,NA,NA,16460.42387,11203.31257,62.99113573,11612.70434,7671.422869,175.9500658,14.916875,14.38,15.74
SBSNWRC,Upper Bypass,Canal channel,3/11/20,17268.37713,11791.96085,44.16464739,17268.37713,11791.96085,44.16464739,17268.37713,11791.96085,44.16464739,15.325,14.58,16.28
SBSNWRC,Upper Bypass,Canal channel,3/12/20,NA,NA,NA,14902.47041,10239.39146,45.22749348,17268.37713,11791.96085,44.16464739,15.47145833,14.96,16.04
SBSNWRC,Upper Bypass,Canal channel,3/13/20,NA,NA,NA,12536.56369,8686.82206,46.29033958,17268.37713,11791.96085,44.16464739,15.82854167,15.44,16.18
SBSNWRC,Upper Bypass,Canal channel,3/14/20,NA,NA,NA,10170.65697,7134.252664,47.35318568,17268.37713,11791.96085,44.16464739,15.671875,15.3,15.94
SBSNWRC,Upper Bypass,Canal channel,3/15/20,NA,NA,NA,7804.750254,5581.683267,48.41603178,17268.37713,11791.96085,44.16464739,15.16333333,14.68,15.42
SBSNWRC,Upper Bypass,Canal channel,3/16/20,NA,NA,NA,5438.843536,4029.113871,49.47887787,17268.37713,11791.96085,44.16464739,14.373125,14.12,14.68
SBSNWRC,Upper Bypass,Canal channel,3/17/20,3072.936817,2476.544474,50.54172397,3072.936817,2476.544474,50.54172397,3072.936817,2476.544474,50.54172397,13.809,13.56,14.1
SBSNWRC,Upper Bypass,Canal channel,3/18/20,NA,NA,NA,3072.936817,2476.544474,50.54172397,3072.936817,2476.544474,50.54172397,NA,NA,NA
SBWS,Lower Bypass,Wetland,2/3/20,22124.20396,16564.78861,6958.723982,22124.20396,16564.78861,6958.723982,22124.20396,16564.78861,6958.723982,NA,NA,NA
SBWS,Lower Bypass,Wetland,2/4/20,NA,NA,NA,21185.90488,16152.58917,7347.354011,22124.20396,16564.78861,6958.723982,NA,NA,NA
SBWS,Lower Bypass,Wetland,2/5/20,NA,NA,NA,20247.60579,15740.38973,7735.984041,22124.20396,16564.78861,6958.723982,NA,NA,NA
SBWS,Lower Bypass,Wetland,2/6/20,NA,NA,NA,19309.3067,15328.19029,8124.61407,22124.20396,16564.78861,6958.723982,NA,NA,NA
SBWS,Lower Bypass,Wetland,2/7/20,NA,NA,NA,18371.00762,14915.99085,8513.2441,22124.20396,16564.78861,6958.723982,NA,NA,NA
SBWS,Lower Bypass,Wetland,2/8/20,NA,NA,NA,17432.70853,14503.79141,8901.874129,22124.20396,16564.78861,6958.723982,NA,NA,NA
SBWS,Lower Bypass,Wetland,2/9/20,NA,NA,NA,16494.40945,14091.59197,9290.504159,22124.20396,16564.78861,6958.723982,NA,NA,NA
SBWS,Lower Bypass,Wetland,2/10/20,NA,NA,NA,15556.11036,13679.39253,9679.134188,22124.20396,16564.78861,6958.723982,NA,NA,NA
SBWS,Lower Bypass,Wetland,2/11/20,NA,NA,NA,14617.81127,13267.19308,10067.76422,22124.20396,16564.78861,6958.723982,NA,NA,NA
SBWS,Lower Bypass,Wetland,2/12/20,13679.51219,12854.99364,10456.39425,13679.51219,12854.99364,10456.39425,13679.51219,12854.99364,10456.39425,NA,NA,NA
SBWS,Lower Bypass,Wetland,2/13/20,NA,NA,NA,18018.66712,14337.54836,11392.91675,13679.51219,12854.99364,10456.39425,12.91333333,10.58,15.44
SBWS,Lower Bypass,Wetland,2/14/20,NA,NA,NA,22357.82206,15820.10308,12329.43925,13679.51219,12854.99364,10456.39425,13.17520833,10.52,15.5
SBWS,Lower Bypass,Wetland,2/15/20,NA,NA,NA,26696.97699,17302.65779,13265.96175,13679.51219,12854.99364,10456.39425,12.948125,11.02,14.9
SBWS,Lower Bypass,Wetland,2/16/20,NA,NA,NA,31036.13193,18785.21251,14202.48426,13679.51219,12854.99364,10456.39425,14.71916667,12.48,18.38
SBWS,Lower Bypass,Wetland,2/17/20,NA,NA,NA,35375.28686,20267.76723,15139.00676,13679.51219,12854.99364,10456.39425,13.27583333,10.94,15.58
SBWS,Lower Bypass,Wetland,2/18/20,NA,NA,NA,39714.4418,21750.32195,16075.52926,13679.51219,12854.99364,10456.39425,12.22145833,9.6,15.54
SBWS,Lower Bypass,Wetland,2/19/20,44053.59673,23232.87666,17012.05176,44053.59673,23232.87666,17012.05176,44053.59673,23232.87666,17012.05176,13.50479167,10.9,16.94
SBWS,Lower Bypass,Wetland,2/20/20,NA,NA,NA,51696.5788,31062.97671,23207.23121,44053.59673,23232.87666,17012.05176,14.13291667,11.68,17.22
SBWS,Lower Bypass,Wetland,2/21/20,NA,NA,NA,59339.56087,38893.07675,29402.41065,44053.59673,23232.87666,17012.05176,14.585625,11.82,17.86
SBWS,Lower Bypass,Wetland,2/22/20,NA,NA,NA,66982.54293,46723.17679,35597.59009,44053.59673,23232.87666,17012.05176,14.2925,12.32,17.34
SBWS,Lower Bypass,Wetland,2/23/20,NA,NA,NA,74625.525,54553.27683,41792.76953,44053.59673,23232.87666,17012.05176,14.04291667,11.72,16.46
SBWS,Lower Bypass,Wetland,2/24/20,NA,NA,NA,82268.50707,62383.37688,47987.94897,44053.59673,23232.87666,17012.05176,14.23916667,11.68,17.3
SBWS,Lower Bypass,Wetland,2/25/20,NA,NA,NA,89911.48914,70213.47692,54183.12841,44053.59673,23232.87666,17012.05176,14.04125,10.68,18.2
SBWS,Lower Bypass,Wetland,2/26/20,97554.47121,78043.57696,60378.30785,97554.47121,78043.57696,60378.30785,97554.47121,78043.57696,60378.30785,15.18791667,12.76,17.48
SBWS,Lower Bypass,Wetland,2/27/20,NA,NA,NA,113898.463,91202.59145,72079.43358,97554.47121,78043.57696,60378.30785,16.04145833,13.7,18.26
SBWS,Lower Bypass,Wetland,2/28/20,NA,NA,NA,130242.4549,104361.6059,83780.55931,97554.47121,78043.57696,60378.30785,16.54583333,14,19.5
SBWS,Lower Bypass,Wetland,2/29/20,NA,NA,NA,146586.4467,117520.6204,95481.68504,97554.47121,78043.57696,60378.30785,17.04458333,14.62,19.1
SBWS,Lower Bypass,Wetland,3/1/20,NA,NA,NA,162930.4385,130679.6349,107182.8108,97554.47121,78043.57696,60378.30785,14.85520833,11.76,16.98
SBWS,Lower Bypass,Wetland,3/2/20,NA,NA,NA,179274.4303,143838.6494,118883.9365,97554.47121,78043.57696,60378.30785,11.34416667,7.5,14.76
SBWS,Lower Bypass,Wetland,3/3/20,NA,NA,NA,195618.4222,156997.6639,130585.0622,97554.47121,78043.57696,60378.30785,14.28666667,10.62,19.84
SBWS,Lower Bypass,Wetland,3/4/20,211962.414,170156.6784,142286.1879,211962.414,170156.6784,142286.1879,211962.414,170156.6784,142286.1879,16.0625,13.12,19.42
SBWS,Lower Bypass,Wetland,3/5/20,NA,NA,NA,203657.3655,165321.3529,138695.2246,211962.414,170156.6784,142286.1879,17.17520833,14.46,20.46
SBWS,Lower Bypass,Wetland,3/6/20,NA,NA,NA,195352.3169,160486.0275,135104.2612,211962.414,170156.6784,142286.1879,15.74145833,13.46,17.58
SBWS,Lower Bypass,Wetland,3/7/20,NA,NA,NA,187047.2684,155650.7021,131513.2979,211962.414,170156.6784,142286.1879,13.47333333,11.74,15.26
SBWS,Lower Bypass,Wetland,3/8/20,NA,NA,NA,178742.2198,150815.3766,127922.3345,211962.414,170156.6784,142286.1879,13.44083333,11.58,15.12
SBWS,Lower Bypass,Wetland,3/9/20,NA,NA,NA,170437.1713,145980.0512,124331.3711,211962.414,170156.6784,142286.1879,15.90854167,12.88,19.56
SBWS,Lower Bypass,Wetland,3/10/20,NA,NA,NA,162132.1228,141144.7257,120740.4078,211962.414,170156.6784,142286.1879,16.83229167,13.34,20.32
SBWS,Lower Bypass,Wetland,3/11/20,153827.0742,136309.4003,117149.4444,153827.0742,136309.4003,117149.4444,153827.0742,136309.4003,117149.4444,17.4525,15.12,20.4
SBWS,Lower Bypass,Wetland,3/12/20,NA,NA,NA,142051.6668,118005.6934,100141.2297,153827.0742,136309.4003,117149.4444,18.758125,16.02,22.18
SBWS,Lower Bypass,Wetland,3/13/20,NA,NA,NA,130276.2594,99701.98649,83133.01495,153827.0742,136309.4003,117149.4444,16.95104167,14.34,19.98
SBWS,Lower Bypass,Wetland,3/14/20,NA,NA,NA,118500.852,81398.27958,66124.80021,153827.0742,136309.4003,117149.4444,12.29145833,10.88,14.34
SBWS,Lower Bypass,Wetland,3/15/20,NA,NA,NA,106725.4446,63094.57268,49116.58547,153827.0742,136309.4003,117149.4444,11.46479167,9.2,13.38
SBWS,Lower Bypass,Wetland,3/16/20,NA,NA,NA,94950.03714,44790.86577,32108.37073,153827.0742,136309.4003,117149.4444,10.830625,9.88,11.64
SBWS,Lower Bypass,Wetland,3/17/20,83174.62972,26487.15887,15100.15599,83174.62972,26487.15887,15100.15599,83174.62972,26487.15887,15100.15599,9.751764706,5.98,10.92
SBWS,Lower Bypass,Wetland,3/18/20,NA,NA,NA,83174.62972,26487.15887,15100.15599,83174.62972,26487.15887,15100.15599,NA,NA,NA
SBWSC,Lower Bypass,Canal channel,2/3/20,3544.996519,1708.815687,201.6614786,3544.996519,1708.815687,201.6614786,3544.996519,1708.815687,201.6614786,NA,NA,NA
SBWSC,Lower Bypass,Canal channel,2/4/20,NA,NA,NA,7033.698598,3974.864154,933.3536056,3544.996519,1708.815687,201.6614786,NA,NA,NA
SBWSC,Lower Bypass,Canal channel,2/5/20,NA,NA,NA,10522.40068,6240.912621,1665.045733,3544.996519,1708.815687,201.6614786,NA,NA,NA
SBWSC,Lower Bypass,Canal channel,2/6/20,NA,NA,NA,14011.10276,8506.961088,2396.73786,3544.996519,1708.815687,201.6614786,NA,NA,NA
SBWSC,Lower Bypass,Canal channel,2/7/20,NA,NA,NA,17499.80483,10773.00955,3128.429987,3544.996519,1708.815687,201.6614786,NA,NA,NA
SBWSC,Lower Bypass,Canal channel,2/8/20,NA,NA,NA,20988.50691,13039.05802,3860.122114,3544.996519,1708.815687,201.6614786,NA,NA,NA
SBWSC,Lower Bypass,Canal channel,2/9/20,NA,NA,NA,24477.20899,15305.10649,4591.814241,3544.996519,1708.815687,201.6614786,NA,NA,NA
SBWSC,Lower Bypass,Canal channel,2/10/20,NA,NA,NA,27965.91107,17571.15496,5323.506368,3544.996519,1708.815687,201.6614786,NA,NA,NA
SBWSC,Lower Bypass,Canal channel,2/11/20,NA,NA,NA,31454.61315,19837.20342,6055.198495,3544.996519,1708.815687,201.6614786,NA,NA,NA
SBWSC,Lower Bypass,Canal channel,2/12/20,34943.31523,22103.25189,6786.890622,34943.31523,22103.25189,6786.890622,34943.31523,22103.25189,6786.890622,NA,NA,NA
SBWSC,Lower Bypass,Canal channel,2/13/20,NA,NA,NA,34172.16274,19559.5717,5830.124969,34943.31523,22103.25189,6786.890622,NA,NA,NA
SBWSC,Lower Bypass,Canal channel,2/14/20,NA,NA,NA,33401.01024,17015.89152,4873.359317,34943.31523,22103.25189,6786.890622,NA,NA,NA
SBWSC,Lower Bypass,Canal channel,2/15/20,NA,NA,NA,32629.85775,14472.21133,3916.593664,34943.31523,22103.25189,6786.890622,NA,NA,NA
SBWSC,Lower Bypass,Canal channel,2/16/20,NA,NA,NA,31858.70526,11928.53114,2959.828011,34943.31523,22103.25189,6786.890622,NA,NA,NA
SBWSC,Lower Bypass,Canal channel,2/17/20,NA,NA,NA,31087.55277,9384.850959,2003.062359,34943.31523,22103.25189,6786.890622,NA,NA,NA
SBWSC,Lower Bypass,Canal channel,2/18/20,NA,NA,NA,30316.40028,6841.170773,1046.296706,34943.31523,22103.25189,6786.890622,NA,NA,NA
SBWSC,Lower Bypass,Canal channel,2/19/20,29545.24778,4297.490587,89.53105389,29545.24778,4297.490587,89.53105389,29545.24778,4297.490587,89.53105389,NA,NA,NA
SBWSC,Lower Bypass,Canal channel,2/20/20,NA,NA,NA,25651.80698,3913.429136,80.48871489,29545.24778,4297.490587,89.53105389,NA,NA,NA
SBWSC,Lower Bypass,Canal channel,2/21/20,NA,NA,NA,21758.36617,3529.367684,71.44637589,29545.24778,4297.490587,89.53105389,NA,NA,NA
SBWSC,Lower Bypass,Canal channel,2/22/20,NA,NA,NA,17864.92536,3145.306233,62.4040369,29545.24778,4297.490587,89.53105389,NA,NA,NA
SBWSC,Lower Bypass,Canal channel,2/23/20,NA,NA,NA,13971.48455,2761.244782,53.3616979,29545.24778,4297.490587,89.53105389,NA,NA,NA
SBWSC,Lower Bypass,Canal channel,2/24/20,NA,NA,NA,10078.04375,2377.183331,44.3193589,29545.24778,4297.490587,89.53105389,NA,NA,NA
SBWSC,Lower Bypass,Canal channel,2/25/20,NA,NA,NA,6184.60294,1993.12188,35.2770199,29545.24778,4297.490587,89.53105389,NA,NA,NA
SBWSC,Lower Bypass,Canal channel,2/26/20,2291.162133,1609.060429,26.23468091,2291.162133,1609.060429,26.23468091,2291.162133,1609.060429,26.23468091,NA,NA,NA
SBWSC,Lower Bypass,Canal channel,2/27/20,NA,NA,NA,21029.61217,3086.576049,63.13880733,2291.162133,1609.060429,26.23468091,NA,NA,NA
SBWSC,Lower Bypass,Canal channel,2/28/20,NA,NA,NA,39768.06221,4564.091668,100.0429338,2291.162133,1609.060429,26.23468091,NA,NA,NA
SBWSC,Lower Bypass,Canal channel,2/29/20,NA,NA,NA,58506.51224,6041.607288,136.9470602,2291.162133,1609.060429,26.23468091,NA,NA,NA
SBWSC,Lower Bypass,Canal channel,3/1/20,NA,NA,NA,77244.96228,7519.122908,173.8511866,2291.162133,1609.060429,26.23468091,NA,NA,NA
SBWSC,Lower Bypass,Canal channel,3/2/20,NA,NA,NA,95983.41232,8996.638527,210.755313,2291.162133,1609.060429,26.23468091,NA,NA,NA
SBWSC,Lower Bypass,Canal channel,3/3/20,NA,NA,NA,114721.8624,10474.15415,247.6594394,2291.162133,1609.060429,26.23468091,NA,NA,NA
SBWSC,Lower Bypass,Canal channel,3/4/20,133460.3124,11951.66977,284.5635659,133460.3124,11951.66977,284.5635659,133460.3124,11951.66977,284.5635659,NA,NA,NA
SBWSC,Lower Bypass,Canal channel,3/5/20,NA,NA,NA,116278.1681,10936.79376,306.2371129,133460.3124,11951.66977,284.5635659,NA,NA,NA
SBWSC,Lower Bypass,Canal channel,3/6/20,NA,NA,NA,99096.02388,9921.917755,327.91066,133460.3124,11951.66977,284.5635659,NA,NA,NA
SBWSC,Lower Bypass,Canal channel,3/7/20,NA,NA,NA,81913.87963,8907.041749,349.584207,133460.3124,11951.66977,284.5635659,14.49861111,14.34,14.7
SBWSC,Lower Bypass,Canal channel,3/8/20,NA,NA,NA,64731.73537,7892.165742,371.2577541,133460.3124,11951.66977,284.5635659,14.18625,13.98,14.38
SBWSC,Lower Bypass,Canal channel,3/9/20,NA,NA,NA,47549.59112,6877.289736,392.9313011,133460.3124,11951.66977,284.5635659,14.42444444,14.18,14.7
SBWSC,Lower Bypass,Canal channel,3/10/20,NA,NA,NA,30367.44687,5862.41373,414.6048481,133460.3124,11951.66977,284.5635659,14.56055556,14.26,15.42
SBWSC,Lower Bypass,Canal channel,3/11/20,13185.30261,4847.537724,436.2783952,13185.30261,4847.537724,436.2783952,13185.30261,4847.537724,436.2783952,14.80847222,14.34,15.54
SBWSC,Lower Bypass,Canal channel,3/12/20,NA,NA,NA,14049.10061,4722.951474,390.8987975,13185.30261,4847.537724,436.2783952,14.75680556,14.14,15.5
SBWSC,Lower Bypass,Canal channel,3/13/20,NA,NA,NA,14912.89861,4598.365224,345.5191998,13185.30261,4847.537724,436.2783952,14.57055556,13.9,15.12
SBWSC,Lower Bypass,Canal channel,3/14/20,NA,NA,NA,15776.69661,4473.778975,300.1396021,13185.30261,4847.537724,436.2783952,14.11541667,13.78,14.62
SBWSC,Lower Bypass,Canal channel,3/15/20,NA,NA,NA,16640.49461,4349.192725,254.7600044,13185.30261,4847.537724,436.2783952,13.49180556,13.1,13.78
SBWSC,Lower Bypass,Canal channel,3/16/20,NA,NA,NA,17504.29261,4224.606475,209.3804067,13185.30261,4847.537724,436.2783952,12.84013889,12.7,13.1
SBWSC,Lower Bypass,Canal channel,3/17/20,18368.09061,4100.020225,164.000809,18368.09061,4100.020225,164.000809,18368.09061,4100.020225,164.000809,12.34044444,7.34,12.76
SBWSC,Lower Bypass,Canal channel,3/18/20,NA,NA,NA,18368.09061,4100.020225,164.000809,18368.09061,4100.020225,164.000809,NA,NA,NA
XSSAC,Sacramento River,River channel,2/3/20,1296.165485,470.0380329,71.21788377,1296.165485,470.0380329,71.21788377,1296.165485,470.0380329,71.21788377,NA,NA,NA
XSSAC,Sacramento River,River channel,2/4/20,NA,NA,NA,1410.62466,532.8565116,106.6333944,1296.165485,470.0380329,71.21788377,NA,NA,NA
XSSAC,Sacramento River,River channel,2/5/20,NA,NA,NA,1525.083836,595.6749903,142.048905,1296.165485,470.0380329,71.21788377,NA,NA,NA
XSSAC,Sacramento River,River channel,2/6/20,NA,NA,NA,1639.543012,658.493469,177.4644156,1296.165485,470.0380329,71.21788377,NA,NA,NA
XSSAC,Sacramento River,River channel,2/7/20,NA,NA,NA,1754.002187,721.3119477,212.8799262,1296.165485,470.0380329,71.21788377,NA,NA,NA
XSSAC,Sacramento River,River channel,2/8/20,NA,NA,NA,1868.461363,784.1304264,248.2954368,1296.165485,470.0380329,71.21788377,NA,NA,NA
XSSAC,Sacramento River,River channel,2/9/20,NA,NA,NA,1982.920538,846.9489051,283.7109474,1296.165485,470.0380329,71.21788377,NA,NA,NA
XSSAC,Sacramento River,River channel,2/10/20,NA,NA,NA,2097.379714,909.7673838,319.126458,1296.165485,470.0380329,71.21788377,NA,NA,NA
XSSAC,Sacramento River,River channel,2/11/20,NA,NA,NA,2211.83889,972.5858625,354.5419686,1296.165485,470.0380329,71.21788377,NA,NA,NA
XSSAC,Sacramento River,River channel,2/12/20,2326.298065,1035.404341,389.9574792,2326.298065,1035.404341,389.9574792,2326.298065,1035.404341,389.9574792,NA,NA,NA
XSSAC,Sacramento River,River channel,2/13/20,NA,NA,NA,2180.722667,970.0163266,351.1341014,2326.298065,1035.404341,389.9574792,10.84604167,10.54,11.2
XSSAC,Sacramento River,River channel,2/14/20,NA,NA,NA,2035.147268,904.628312,312.3107237,2326.298065,1035.404341,389.9574792,11.18479167,10.9,11.46
XSSAC,Sacramento River,River channel,2/15/20,NA,NA,NA,1889.571869,839.2402974,273.487346,2326.298065,1035.404341,389.9574792,11.52395833,11.24,11.8
XSSAC,Sacramento River,River channel,2/16/20,NA,NA,NA,1743.99647,773.8522828,234.6639682,2326.298065,1035.404341,389.9574792,12.02916667,11.76,12.34
XSSAC,Sacramento River,River channel,2/17/20,NA,NA,NA,1598.421071,708.4642682,195.8405905,2326.298065,1035.404341,389.9574792,12.29104167,12.08,12.46
XSSAC,Sacramento River,River channel,2/18/20,NA,NA,NA,1452.845673,643.0762537,157.0172128,2326.298065,1035.404341,389.9574792,12.17,11.92,12.42
XSSAC,Sacramento River,River channel,2/19/20,NA,NA,NA,1307.270274,577.6882391,118.193835,2326.298065,1035.404341,389.9574792,12.18604167,11.96,12.46
XSSAC,Sacramento River,River channel,2/20/20,1161.694875,512.3002245,79.37045731,1161.694875,512.3002245,79.37045731,1161.694875,512.3002245,79.37045731,12.18770833,11.94,12.5
XSSAC,Sacramento River,River channel,2/21/20,NA,NA,NA,1039.047823,453.087891,70.18010308,1161.694875,512.3002245,79.37045731,12.205,11.98,12.56
XSSAC,Sacramento River,River channel,2/22/20,NA,NA,NA,916.4007706,393.8755576,60.98974884,1161.694875,512.3002245,79.37045731,12.38166667,12.1,12.74
XSSAC,Sacramento River,River channel,2/23/20,NA,NA,NA,793.7537182,334.6632242,51.79939461,1161.694875,512.3002245,79.37045731,12.45166667,12.22,12.76
XSSAC,Sacramento River,River channel,2/24/20,NA,NA,NA,671.1066659,275.4508908,42.60904037,1161.694875,512.3002245,79.37045731,12.54020833,12.3,12.86
XSSAC,Sacramento River,River channel,2/25/20,548.4596136,216.2385573,33.41868613,548.4596136,216.2385573,33.41868613,548.4596136,216.2385573,33.41868613,12.67125,12.38,13.02
XSSAC,Sacramento River,River channel,2/26/20,NA,NA,NA,651.5466912,258.4793294,29.05322098,548.4596136,216.2385573,33.41868613,12.9825,12.68,13.38
XSSAC,Sacramento River,River channel,2/27/20,NA,NA,NA,754.6337689,300.7201015,24.68775583,548.4596136,216.2385573,33.41868613,13.30604167,13.02,13.6
XSSAC,Sacramento River,River channel,2/28/20,NA,NA,NA,857.7208465,342.9608736,20.32229068,548.4596136,216.2385573,33.41868613,13.52875,13.28,13.76
XSSAC,Sacramento River,River channel,2/29/20,NA,NA,NA,960.8079241,385.2016457,15.95682553,548.4596136,216.2385573,33.41868613,13.82354167,13.6,14.08
XSSAC,Sacramento River,River channel,3/1/20,NA,NA,NA,1063.895002,427.4424178,11.59136038,548.4596136,216.2385573,33.41868613,13.74791667,13.34,13.92
XSSAC,Sacramento River,River channel,3/2/20,1166.982079,469.6831898,7.225895228,1166.982079,469.6831898,7.225895228,1166.982079,469.6831898,7.225895228,12.96708333,12.74,13.32
XSSAC,Sacramento River,River channel,3/3/20,NA,NA,NA,1252.580351,517.6743622,17.70250157,1166.982079,469.6831898,7.225895228,12.80354167,12.5,13.16
XSSAC,Sacramento River,River channel,3/4/20,NA,NA,NA,1338.178623,565.6655345,28.17910791,1166.982079,469.6831898,7.225895228,13.160625,12.86,13.56
XSSAC,Sacramento River,River channel,3/5/20,NA,NA,NA,1423.776895,613.6567068,38.65571425,1166.982079,469.6831898,7.225895228,13.58041667,13.32,13.94
XSSAC,Sacramento River,River channel,3/6/20,NA,NA,NA,1509.375168,661.6478791,49.13232058,1166.982079,469.6831898,7.225895228,13.8675,13.64,14.1
XSSAC,Sacramento River,River channel,3/7/20,NA,NA,NA,1594.97344,709.6390514,59.60892692,1166.982079,469.6831898,7.225895228,13.76479167,13.56,14
XSSAC,Sacramento River,River channel,3/8/20,NA,NA,NA,1680.571712,757.6302237,70.08553326,1166.982079,469.6831898,7.225895228,13.554375,13.34,13.68
XSSAC,Sacramento River,River channel,3/9/20,1766.169984,805.621396,80.5621396,1766.169984,805.621396,80.5621396,1766.169984,805.621396,80.5621396,13.67916667,13.32,14.08
XSSAC,Sacramento River,River channel,3/10/20,NA,NA,NA,1844.106269,870.6669611,74.05699407,1766.169984,805.621396,80.5621396,13.81916667,13.46,14.16
XSSAC,Sacramento River,River channel,3/11/20,NA,NA,NA,1922.042553,935.7125262,67.55184854,1766.169984,805.621396,80.5621396,13.98520833,13.56,14.42
XSSAC,Sacramento River,River channel,3/12/20,NA,NA,NA,1999.978838,1000.758091,61.04670301,1766.169984,805.621396,80.5621396,14.62291667,14.24,15.14
XSSAC,Sacramento River,River channel,3/13/20,NA,NA,NA,2077.915123,1065.803656,54.54155748,1766.169984,805.621396,80.5621396,14.94166667,14.66,15.28
XSSAC,Sacramento River,River channel,3/14/20,NA,NA,NA,2155.851408,1130.849222,48.03641195,1766.169984,805.621396,80.5621396,14.51854167,14.18,15
XSSAC,Sacramento River,River channel,3/15/20,NA,NA,NA,2233.787693,1195.894787,41.53126641,1766.169984,805.621396,80.5621396,13.82479167,13.48,14.16
XSSAC,Sacramento River,River channel,3/16/20,2311.723978,1260.940352,35.02612088,2311.723978,1260.940352,35.02612088,2311.723978,1260.940352,35.02612088,13.02979167,12.5,13.48
XSSAC,Sacramento River,River channel,3/17/20,NA,NA,NA,3188.348361,1274.56797,182.11583,2311.723978,1260.940352,35.02612088,12.30270833,12.16,12.48
XSSAC,Sacramento River,River channel,3/18/20,4064.972744,1288.195588,329.2055391,4064.972744,1288.195588,329.2055391,4064.972744,1288.195588,329.2055391,11.98145833,11.62,12.16